is_canceled,lead_time,arrival_date_week_number,stays_in_weekend_nights,stays_in_week_nights,adults,is_repeated_guest,previous_cancellations,total_of_special_requests,avg_daily_rate,booked_by_company,booked_by_agent,customer_type_Contract,customer_type_Group,customer_type_Transient,customer_type_Transient-Party
0,68,14,2,3,2,0,0,1,130.9,0,1,0,0,0,1
0,152,14,1,4,1,0,0,0,42.0,1,0,0,0,0,1
0,11,49,0,3,1,0,0,0,36.0,1,0,0,0,0,1
1,6,27,0,1,2,0,0,0,139.0,0,1,0,0,1,0
1,335,38,0,1,2,0,1,0,85.0,0,1,0,0,1,0
0,188,40,1,3,2,0,0,0,80.75,0,1,0,0,1,0
0,276,39,0,3,1,0,0,0,95.67,0,1,0,0,0,1
0,2,40,0,2,1,0,0,2,205.0,0,1,0,0,1,0
1,279,21,0,3,3,0,0,2,153.9,0,1,0,0,1,0
0,49,42,0,1,2,0,0,0,126.0,0,1,0,0,1,0
0,5,8,2,1,1,0,0,0,45.0,0,0,0,0,1,0
1,259,28,2,5,2,0,0,0,99.0,0,1,0,0,1,0
1,31,28,2,1,3,0,0,0,168.3,0,1,0,0,1,0
0,316,22,0,3,2,0,0,0,110.0,0,1,0,0,0,1
0,41,17,0,1,1,0,0,0,110.0,1,0,0,0,0,1
0,0,23,0,2,2,0,0,1,136.0,0,1,0,0,1,0
0,61,15,2,2,2,0,0,4,85.5,0,1,1,0,0,0
1,11,33,2,6,2,0,0,0,139.0,0,1,0,0,1,0
1,93,10,0,4,2,0,0,1,91.8,0,1,0,0,1,0
1,115,11,1,2,2,0,0,1,97.33,0,1,0,0,1,0
0,150,25,0,3,2,0,0,1,90.0,0,1,0,0,0,1
0,1,4,0,3,1,0,0,1,31.45,0,1,0,0,1,0
0,1,7,1,3,2,0,0,2,157.0,0,0,0,0,1,0
0,212,23,0,2,2,0,0,1,99.0,0,1,0,0,1,0
0,2,53,0,2,1,1,0,3,75.0,0,1,0,0,0,1
0,4,2,0,4,2,0,0,0,89.0,0,1,0,0,1,0
0,14,38,0,1,1,0,0,0,209.0,0,1,0,0,1,0
1,31,40,0,1,2,0,0,1,111.6,0,1,0,1,0,0
0,0,42,0,1,2,0,0,0,56.0,0,1,0,0,1,0
0,97,18,2,5,2,0,0,1,109.81,0,1,0,0,0,1
1,244,36,0,3,2,0,19,0,36.0,0,0,0,0,1,0
0,36,47,0,2,2,0,0,0,64.0,0,1,0,0,0,1
0,69,44,2,1,2,0,0,0,85.67,0,1,0,0,0,1
0,85,40,0,3,2,0,0,0,125.0,0,1,0,0,0,1
0,0,34,2,1,2,0,0,1,124.0,0,1,0,0,0,1
1,173,23,2,2,2,0,0,0,120.0,0,1,0,0,1,0
1,103,13,1,1,2,0,0,0,65.0,0,1,0,0,1,0
1,240,36,2,2,2,0,0,1,95.63,0,1,0,0,1,0
0,74,38,0,2,1,0,0,0,87.0,0,1,0,0,0,1
0,8,10,0,2,1,0,0,0,56.0,0,1,0,0,1,0
1,393,41,2,2,2,0,0,0,72.0,0,1,0,0,1,0
0,84,15,2,1,3,0,0,1,119.82,0,1,0,0,1,0
0,67,21,1,3,2,0,0,0,109.65,0,1,0,0,1,0
0,69,37,0,2,2,0,0,0,62.0,0,1,0,0,0,1
1,189,18,1,2,2,0,0,0,100.0,0,1,0,0,0,1
0,12,31,1,0,2,0,0,0,139.0,0,1,0,0,1,0
0,56,30,0,2,2,0,0,2,177.3,0,1,0,0,1,0
0,57,10,0,2,3,0,0,1,103.0,0,0,0,0,0,1
0,122,19,1,4,2,0,0,1,99.45,0,1,0,0,1,0
0,37,49,0,1,3,0,0,2,0.0,0,0,0,0,1,0
0,2,4,0,1,2,0,0,0,48.0,0,1,0,0,1,0
0,130,29,2,5,2,0,0,1,252.3,0,1,0,0,1,0
0,25,20,2,2,2,0,0,0,128.0,0,1,0,0,1,0
1,386,31,0,2,2,0,0,0,62.0,0,1,0,0,1,0
0,148,37,0,2,2,0,0,1,93.5,0,1,0,0,0,1
0,17,9,2,0,1,0,0,0,75.0,0,1,0,0,0,1
0,42,53,0,3,2,0,0,0,198.33,0,0,0,0,1,0
0,8,41,1,3,2,0,0,0,56.0,1,0,0,0,0,1
1,140,7,0,2,2,0,0,0,50.0,0,0,0,0,1,0
0,73,48,0,3,1,0,0,0,67.83,0,1,0,0,0,1
1,9,21,1,0,2,0,0,0,70.0,0,1,0,0,0,1
0,385,43,1,4,2,0,0,0,49.0,0,0,0,0,0,1
1,236,20,1,3,2,0,0,0,48.0,0,1,0,0,0,1
1,128,49,0,1,2,0,0,0,64.0,0,0,0,0,0,1
0,48,40,1,2,2,0,0,0,73.51,0,1,0,0,1,0
1,140,7,0,2,2,0,0,0,50.0,0,0,0,0,1,0
0,181,20,2,5,2,0,0,1,52.85,0,1,1,0,0,0
0,18,47,1,4,2,0,0,2,74.8,0,1,0,0,1,0
1,30,39,2,2,2,0,0,0,195.53,0,1,0,0,1,0
0,203,15,0,3,2,0,0,2,133.2,0,1,0,0,1,0
0,106,42,2,6,2,0,0,1,64.5,0,1,0,0,1,0
0,106,18,1,3,2,0,0,1,97.02,0,1,0,0,1,0
0,149,29,2,2,3,0,0,0,169.65,0,1,0,0,1,0
1,185,30,1,1,2,0,0,1,94.5,0,1,0,0,1,0
0,16,39,2,5,2,0,0,2,131.43,0,1,0,0,1,0
0,154,36,1,5,2,0,0,3,161.5,0,1,0,0,1,0
0,262,45,0,2,3,0,0,2,146.7,0,1,0,0,1,0
1,111,35,0,2,2,0,0,0,262.7,0,1,0,0,1,0
1,123,33,2,2,2,0,0,0,260.0,0,1,0,0,1,0
0,17,44,1,1,2,0,0,3,149.0,0,1,0,0,1,0
0,116,12,0,2,1,0,0,0,90.0,0,1,0,0,0,1
0,318,30,0,2,2,0,0,1,134.0,0,1,0,0,0,1
0,27,29,1,3,3,0,0,0,224.0,0,1,0,0,1,0
0,165,22,3,7,2,0,0,1,86.7,0,1,1,0,0,0
0,40,38,0,5,1,0,0,0,108.0,0,1,0,0,0,1
0,25,6,2,3,2,0,0,2,91.8,0,1,0,0,1,0
1,97,27,0,1,2,0,0,0,140.0,0,1,0,0,1,0
0,141,48,0,2,2,0,0,0,90.0,0,1,0,0,1,0
0,160,39,2,5,2,0,0,0,77.93,0,1,0,0,0,1
1,71,39,0,3,2,0,0,0,127.0,0,1,0,0,0,1
0,2,51,0,2,2,0,0,1,63.0,0,1,0,0,1,0
1,368,26,0,3,2,0,0,0,90.0,0,1,0,0,1,0
0,11,8,0,1,2,0,0,0,107.0,0,1,0,0,1,0
0,60,14,1,2,2,0,0,1,106.2,0,1,0,0,1,0
0,99,21,2,5,2,0,0,0,52.56,0,1,0,0,1,0
0,46,11,0,1,1,0,0,0,25.0,0,1,0,0,0,1
0,100,40,0,4,2,0,0,1,140.0,0,1,0,0,0,1
0,39,50,2,8,3,0,0,2,130.9,0,1,0,0,1,0
0,243,39,2,2,1,0,0,0,80.7,0,1,0,0,0,1
0,91,15,2,4,2,0,0,1,83.87,0,1,0,0,1,0
0,159,43,2,2,2,0,0,0,108.0,0,1,0,0,1,0
0,5,5,1,0,1,0,0,0,107.0,0,1,0,0,1,0
1,124,14,1,1,2,0,0,1,99.0,0,1,0,0,1,0
1,140,33,1,3,2,0,0,3,175.0,0,1,0,0,1,0
0,0,10,0,1,2,1,0,3,43.0,0,1,0,0,1,0
1,40,24,2,1,1,0,0,0,95.0,0,1,0,0,1,0
0,0,33,1,1,2,0,0,0,75.0,0,0,0,0,1,0
0,216,8,0,2,2,0,0,2,65.83,0,1,0,0,1,0
0,233,36,1,1,1,0,0,0,73.0,0,1,0,0,0,1
1,350,25,0,2,1,0,0,0,130.0,0,1,0,0,1,0
1,54,49,0,1,1,0,1,0,81.0,0,0,0,0,0,1
0,140,25,0,4,2,0,0,0,80.75,0,1,0,0,1,0
0,2,47,0,2,2,0,0,2,73.8,0,0,0,0,1,0
0,287,42,2,6,2,0,0,0,44.5,1,0,0,0,0,1
0,218,25,0,2,2,0,0,2,194.0,0,1,0,0,1,0
1,407,18,2,1,2,0,0,0,90.0,0,1,0,0,1,0
1,60,13,2,5,2,0,0,1,70.11,0,1,0,0,1,0
1,23,33,1,2,2,0,0,1,219.0,0,1,0,0,1,0
0,212,13,2,1,2,0,0,0,88.2,0,1,0,0,0,1
1,118,34,2,1,2,0,0,1,270.0,0,1,0,0,1,0
0,0,20,0,1,1,0,0,0,90.71,0,1,0,0,1,0
1,90,20,2,3,2,0,0,0,138.6,0,1,0,0,1,0
0,18,29,1,1,2,0,0,0,75.0,0,1,0,0,0,1
1,105,53,1,4,2,0,0,0,106.92,0,1,0,0,1,0
0,124,26,0,4,2,0,0,0,118.2,0,1,0,0,1,0
0,184,28,3,7,2,0,0,1,165.8,0,1,0,0,1,0
0,8,40,0,1,1,0,0,0,99.0,1,0,0,0,0,1
1,143,18,0,3,2,0,0,0,100.0,0,1,0,0,1,0
1,245,25,0,2,2,0,0,0,75.0,0,1,0,0,1,0
1,177,27,1,1,2,0,0,0,89.1,0,1,0,0,1,0
0,0,8,0,1,2,0,0,1,118.0,0,1,0,0,1,0
0,45,5,1,2,2,0,0,0,58.8,0,1,1,0,0,0
0,0,51,0,1,1,0,0,0,38.0,0,0,0,0,1,0
1,275,41,1,4,2,0,0,0,90.0,0,1,0,0,1,0
0,30,38,0,2,1,0,0,2,85.5,0,1,0,0,1,0
0,2,5,0,1,1,0,0,0,41.0,1,0,0,0,1,0
1,101,16,0,3,2,0,0,0,130.0,0,0,0,0,1,0
1,180,16,0,1,2,0,1,0,125.0,0,1,0,0,1,0
0,37,13,0,2,2,0,0,0,126.45,0,1,0,0,0,1
0,143,30,1,5,2,0,0,0,156.0,0,1,0,0,1,0
1,56,5,0,3,2,0,0,0,60.0,0,1,0,0,1,0
1,468,30,2,1,2,0,0,0,112.67,0,1,0,0,0,1
0,101,4,0,2,2,0,0,0,66.98,0,1,0,0,1,0
0,50,35,0,4,2,0,0,0,62.0,0,1,0,0,0,1
1,601,9,0,2,2,0,0,0,62.0,0,1,0,0,1,0
0,335,42,0,3,1,0,0,0,80.0,0,1,0,0,0,1
0,38,8,0,4,2,0,0,2,100.3,0,1,0,0,1,0
1,125,30,0,2,2,0,0,0,72.25,0,1,0,0,0,1
0,21,37,0,4,3,0,0,0,345.0,0,1,0,0,1,0
0,39,15,0,3,2,0,0,2,129.0,0,1,0,0,1,0
1,166,45,0,3,1,0,0,0,110.0,0,1,0,0,1,0
0,207,32,4,6,2,0,0,1,78.61,0,1,0,0,1,0
0,49,22,1,2,2,0,0,1,150.0,0,1,0,0,1,0
0,377,42,0,2,2,0,0,1,115.0,0,1,0,0,0,1
0,206,31,1,3,2,0,0,0,58.14,0,1,0,0,1,0
1,35,7,0,3,2,0,0,0,88.0,0,1,0,0,1,0
0,25,22,2,1,2,0,0,2,109.0,0,1,0,0,1,0
0,59,6,2,2,1,0,0,0,51.0,0,1,0,0,0,1
0,30,12,0,4,2,0,0,1,74.0,0,1,0,0,1,0
0,190,24,2,8,2,0,0,0,83.79,0,1,0,0,1,0
1,66,15,2,0,2,0,0,0,100.0,0,0,0,0,1,0
0,189,21,0,3,2,0,0,1,65.0,0,1,0,0,0,1
1,146,17,0,1,2,0,0,1,130.5,0,1,0,0,1,0
1,17,17,0,2,2,0,0,1,96.0,0,1,0,0,1,0
0,5,23,0,2,2,0,0,0,119.0,0,1,0,0,1,0
0,4,8,1,0,1,0,0,0,38.7,0,1,0,0,1,0
0,57,19,0,4,2,0,0,0,135.0,0,1,0,0,1,0
1,47,16,0,1,1,0,0,0,99.9,0,1,0,0,1,0
1,32,8,1,1,1,0,0,0,75.0,0,0,0,0,1,0
1,164,20,1,2,1,0,0,0,160.0,0,0,0,0,1,0
0,0,5,0,1,1,0,0,0,40.0,0,1,0,0,1,0
0,69,44,1,3,2,0,0,1,79.2,0,1,0,0,0,1
0,41,15,0,3,2,0,0,2,152.0,0,1,0,0,1,0
0,48,43,1,1,3,0,0,1,158.0,0,1,0,0,1,0
1,234,15,1,2,2,0,0,1,99.0,0,1,0,0,1,0
0,23,31,2,0,2,0,0,1,120.0,0,0,0,0,1,0
1,49,10,2,2,1,0,0,0,66.0,0,0,0,0,0,1
1,270,17,0,4,2,0,0,0,62.8,0,1,0,0,0,1
0,47,35,1,5,3,0,0,0,163.95,0,1,0,0,1,0
1,69,14,0,3,1,0,0,0,85.0,1,0,0,0,1,0
1,105,27,1,1,2,0,0,0,105.3,0,1,0,0,1,0
0,44,46,2,1,2,0,0,0,60.0,0,1,0,0,1,0
0,23,21,0,2,2,0,0,0,93.0,0,1,0,0,1,0
1,16,45,0,2,1,0,1,0,95.0,1,0,0,0,1,0
0,61,34,0,4,2,0,0,0,168.25,0,1,0,0,1,0
0,82,13,2,3,2,0,0,1,67.15,0,1,0,0,1,0
0,118,21,1,0,2,0,0,0,62.0,0,1,0,0,0,1
0,87,44,2,1,2,0,0,1,106.25,0,1,0,0,1,0
1,44,40,2,2,2,0,0,2,149.4,0,1,0,0,1,0
1,221,40,0,3,1,0,0,2,115.5,0,1,0,0,0,1
1,211,21,0,2,2,0,0,0,100.0,0,1,0,0,1,0
0,0,2,0,1,1,1,0,0,66.0,1,0,0,0,1,0
0,19,27,0,1,1,0,0,0,65.0,0,1,0,0,1,0
1,129,2,2,3,2,0,0,0,47.8,0,1,0,0,1,0
0,12,45,2,1,2,0,0,0,114.0,0,1,0,0,1,0
1,100,22,1,4,2,0,0,0,109.4,0,1,0,0,1,0
1,255,46,2,5,0,0,0,0,72.0,0,1,0,0,0,1
1,71,8,0,3,2,0,0,0,78.3,0,1,0,0,1,0
1,134,49,2,2,2,0,0,0,65.0,0,1,0,0,1,0
0,10,34,0,2,2,0,0,0,153.0,0,1,0,0,1,0
0,165,28,2,2,2,0,0,1,99.45,0,1,0,0,1,0
0,43,25,0,3,2,0,0,1,126.67,0,1,0,0,1,0
1,67,44,1,1,2,0,0,3,76.5,0,1,0,0,1,0
1,214,34,0,3,1,0,0,0,90.9,0,1,0,0,1,0
1,134,24,0,4,3,0,0,0,175.5,0,1,0,0,1,0
1,18,12,1,3,2,0,0,0,100.3,0,1,0,0,1,0
0,1,15,0,1,1,1,0,0,67.0,1,0,0,0,1,0
1,45,25,2,5,2,0,0,0,93.0,0,1,0,0,1,0
0,144,27,2,0,2,0,0,1,85.5,0,1,0,0,0,1
0,8,9,1,2,3,0,0,1,130.0,0,1,0,0,1,0
0,210,31,2,4,2,0,0,1,90.95,0,1,1,0,0,0
1,608,10,0,2,2,0,0,0,62.0,0,1,0,0,1,0
0,72,44,0,3,2,0,0,0,85.67,0,1,0,0,0,1
0,0,16,0,2,2,0,0,1,89.0,0,1,0,0,1,0
1,218,33,0,2,2,0,0,3,130.5,0,1,0,0,1,0
1,372,29,0,2,2,0,0,0,62.0,0,1,0,0,1,0
1,9,13,2,4,2,0,0,0,224.0,0,1,0,0,1,0
1,293,32,0,2,2,0,1,0,62.0,0,1,1,0,0,0
0,65,47,2,2,2,0,0,0,63.58,0,1,0,0,1,0
1,405,34,0,2,2,0,0,0,62.0,0,1,0,0,1,0
0,233,22,0,4,2,0,0,1,95.4,0,1,0,0,1,0
0,45,16,1,2,2,0,0,2,177.3,0,1,0,0,1,0
0,0,28,1,0,2,0,0,1,140.0,0,1,0,0,1,0
0,102,18,2,2,2,0,0,1,135.0,0,1,0,0,1,0
1,303,19,0,1,2,0,0,2,67.5,0,1,0,0,1,0
0,60,8,0,4,2,0,0,0,48.0,0,1,0,0,0,1
1,2,41,0,1,2,0,1,0,152.0,0,0,0,0,1,0
1,157,41,1,2,2,0,0,0,108.0,0,1,0,0,1,0
0,59,16,2,5,2,0,0,0,113.41,0,1,0,0,1,0
0,6,41,1,0,2,0,0,2,126.0,0,1,1,0,0,0
0,22,29,2,3,2,0,0,3,219.0,0,1,0,0,0,1
0,12,34,0,1,2,0,0,0,81.0,0,1,0,0,1,0
1,238,37,0,3,1,0,0,0,89.0,0,1,0,0,1,0
0,1,33,1,0,2,0,0,0,98.0,0,1,0,0,1,0
1,105,15,0,1,2,0,0,0,75.0,0,1,0,0,1,0
0,1,22,0,1,1,0,0,0,66.5,0,1,0,0,1,0
1,358,41,1,1,2,0,1,0,62.0,0,1,0,0,1,0
0,9,20,2,5,3,0,0,1,212.8,0,1,0,0,1,0
1,26,24,0,1,2,0,0,0,120.0,0,1,0,0,0,1
1,229,28,1,4,2,0,0,0,110.0,0,0,0,0,1,0
1,183,19,1,3,2,0,0,0,130.0,0,1,0,0,1,0
0,343,39,0,4,2,0,0,0,92.0,0,1,0,0,0,1
0,90,15,1,3,2,0,0,1,82.45,0,1,0,0,1,0
0,89,1,2,3,3,0,0,0,99.0,0,1,0,0,1,0
0,82,17,2,4,2,0,0,1,123.0,0,1,0,0,1,0
1,250,40,1,3,2,0,0,0,95.0,0,1,0,0,1,0
1,31,32,0,2,2,0,0,1,152.1,0,1,0,0,1,0
0,46,16,0,2,3,0,0,2,198.0,0,1,0,0,1,0
0,161,34,3,9,2,0,0,1,158.6,0,1,0,0,1,0
0,1,22,0,1,1,0,0,0,114.0,0,0,0,0,1,0
0,6,5,0,1,1,0,0,0,40.0,0,0,0,0,1,0
0,5,3,0,3,1,0,0,1,90.27,0,1,0,0,1,0
0,0,28,0,1,1,0,0,1,135.0,0,1,0,0,1,0
1,84,19,0,2,3,0,0,0,189.0,0,1,0,0,1,0
0,28,47,0,3,3,0,0,1,51.6,0,1,0,0,1,0
1,51,50,0,3,2,0,0,2,109.8,0,1,0,0,1,0
0,14,38,1,0,2,1,0,1,0.0,0,1,0,0,1,0
0,88,41,1,1,2,0,0,0,112.2,0,1,0,0,0,1
1,77,40,1,3,2,0,0,1,55.44,0,1,0,0,1,0
0,21,13,0,3,2,0,0,0,85.0,0,0,0,0,1,0
0,17,5,0,2,2,0,0,0,30.0,0,1,0,0,1,0
1,73,27,0,1,2,0,0,2,73.8,0,1,0,0,1,0
0,78,38,2,2,2,0,0,0,92.1,0,1,0,0,1,0
1,270,32,1,4,2,0,0,1,232.0,0,1,0,0,1,0
0,83,42,1,3,1,0,0,0,152.78,0,1,0,0,1,0
0,161,20,1,3,2,0,0,0,72.07,0,1,0,0,1,0
1,79,51,0,3,2,0,0,2,109.8,0,1,0,0,1,0
0,35,49,1,1,1,0,0,0,65.0,0,0,0,0,0,1
0,74,31,1,1,3,0,0,1,144.45,0,1,0,0,1,0
0,0,21,0,0,1,1,0,0,0.0,0,1,0,0,1,0
0,238,21,2,2,2,0,0,1,81.0,0,1,0,0,1,0
0,202,39,2,5,2,0,0,1,115.3,0,1,0,0,1,0
0,183,16,1,1,2,0,0,0,85.0,0,1,0,0,0,1
0,105,32,1,1,3,0,0,0,225.0,0,1,0,0,1,0
1,47,27,1,3,3,0,0,1,204.5,0,1,0,0,1,0
0,88,41,1,1,2,0,0,0,112.2,0,1,0,0,0,1
1,87,39,2,3,2,0,0,0,170.0,0,1,0,0,1,0
1,64,47,0,2,1,0,0,1,86.4,0,1,0,0,1,0
1,98,48,1,2,1,0,0,0,84.0,0,1,0,0,0,1
0,0,10,0,2,1,0,0,0,116.0,0,1,0,0,0,1
0,1,35,0,1,2,0,0,0,0.0,1,0,0,0,1,0
1,19,5,1,1,2,0,0,1,88.0,0,1,0,0,1,0
0,9,35,2,4,2,0,0,2,90.0,0,1,1,0,0,0
0,75,4,2,3,3,0,0,1,138.6,0,1,0,0,1,0
0,96,50,2,2,2,0,0,1,57.6,0,1,0,0,1,0
0,33,4,2,3,1,0,0,0,74.38,0,1,0,0,1,0
0,17,46,2,2,2,0,0,0,142.54,0,1,0,0,1,0
0,28,2,1,4,2,0,0,1,97.92,0,1,0,0,1,0
0,0,20,1,0,3,0,0,0,149.0,0,1,0,0,1,0
1,92,11,0,3,2,0,0,0,85.0,0,0,0,0,1,0
0,79,25,0,2,2,0,0,0,80.75,0,1,0,0,1,0
0,98,26,1,1,2,0,0,0,117.0,0,1,0,0,1,0
1,391,31,0,2,2,0,0,0,65.0,0,1,0,0,1,0
0,197,33,2,5,2,0,0,1,160.0,0,1,0,0,1,0
0,37,8,1,5,2,0,0,1,79.8,0,1,0,0,1,0
0,21,2,0,4,2,0,0,3,82.88,0,1,0,0,1,0
0,7,42,1,0,1,0,0,0,80.0,1,0,0,0,1,0
1,25,50,0,2,1,0,1,0,90.0,0,1,0,0,1,0
1,100,47,0,3,2,0,0,2,79.2,0,1,0,0,1,0
1,37,23,2,2,2,0,0,1,228.0,0,1,0,0,1,0
1,275,17,2,0,2,0,0,0,110.0,0,1,0,0,1,0
1,164,33,0,1,2,0,1,0,60.0,0,1,0,0,1,0
0,93,38,0,3,2,0,0,1,89.0,0,1,0,0,1,0
0,109,10,1,2,2,0,0,1,97.2,0,1,0,0,1,0
1,6,34,2,1,3,0,0,1,230.0,0,1,0,0,1,0
1,178,35,0,2,2,0,0,0,117.6,0,1,0,0,1,0
0,0,20,0,1,2,0,0,0,221.0,0,1,0,0,1,0
0,16,42,2,0,2,0,0,1,61.0,0,0,0,0,1,0
0,125,31,1,0,2,0,0,0,130.5,0,1,0,0,1,0
1,55,17,2,2,2,0,0,0,162.0,0,1,0,0,1,0
1,150,29,2,8,2,0,0,1,101.15,0,1,0,0,1,0
0,110,6,2,5,2,0,0,0,66.0,0,1,0,0,1,0
0,158,29,2,2,2,0,0,0,118.0,0,1,0,0,1,0
0,131,33,2,1,2,0,0,0,94.5,0,1,0,0,0,1
1,164,33,1,3,2,0,0,0,148.5,0,1,0,0,1,0
0,26,36,1,1,1,0,0,2,95.0,0,1,1,0,0,0
0,386,44,2,0,2,0,0,1,115.0,0,1,0,0,0,1
0,45,33,2,2,2,0,0,0,109.44,0,1,0,0,1,0
1,53,9,0,3,2,0,0,0,106.2,0,1,0,0,1,0
1,149,24,0,3,2,0,0,0,129.0,0,1,0,0,1,0
0,60,28,1,1,1,0,0,0,115.2,0,1,0,0,1,0
1,348,22,2,1,2,0,0,0,90.0,0,1,0,0,1,0
0,53,35,1,1,1,0,0,0,60.0,0,1,0,0,0,1
0,28,32,1,3,2,0,0,0,62.0,0,1,0,0,0,1
1,10,28,0,2,2,0,0,1,199.0,0,1,0,0,1,0
1,52,50,0,3,2,0,0,2,79.2,0,1,0,0,1,0
0,118,24,1,2,1,0,0,0,110.0,0,1,0,0,0,1
0,101,25,0,3,2,0,0,0,120.0,0,1,0,0,1,0
1,201,32,1,3,2,0,0,1,172.8,0,1,0,0,1,0
0,9,16,1,4,2,0,0,1,174.4,0,1,0,0,1,0
0,30,33,2,1,2,0,0,1,154.8,1,0,0,0,1,0
0,200,30,2,2,2,0,0,1,188.0,0,1,0,0,1,0
1,192,20,0,3,2,0,1,0,135.0,0,1,0,0,1,0
0,98,48,1,2,1,0,0,0,70.0,0,1,0,0,0,1
0,2,10,2,5,1,0,0,0,60.0,1,0,0,0,1,0
1,475,44,0,2,2,0,0,0,62.0,0,1,0,0,1,0
0,11,21,0,2,2,0,0,1,160.0,0,1,0,0,1,0
1,68,20,2,1,1,0,0,0,110.0,1,0,0,0,0,1
0,35,49,1,1,1,0,0,0,65.0,0,1,0,0,0,1
1,77,9,0,2,2,0,0,0,64.0,0,1,0,0,1,0
0,19,26,1,1,1,1,0,0,95.0,1,0,0,0,1,0
0,118,22,1,5,2,0,0,2,145.67,0,1,0,0,1,0
0,73,36,2,7,2,0,0,0,153.0,0,1,0,0,1,0
1,32,13,0,1,2,0,0,2,115.2,0,1,0,0,1,0
1,49,27,0,2,2,0,0,0,107.1,0,1,0,0,1,0
1,41,53,2,5,2,0,0,0,69.29,0,0,0,0,0,1
0,146,43,2,5,1,0,0,2,48.43,0,1,0,0,1,0
1,40,23,1,4,2,0,0,2,196.0,0,1,0,0,1,0
0,159,43,0,1,2,0,0,1,101.0,0,1,0,0,1,0
1,12,29,2,2,2,0,0,0,62.0,0,1,0,0,0,1
1,411,22,2,4,2,0,0,0,71.1,0,0,0,0,1,0
0,100,32,1,3,3,0,0,0,225.0,0,1,0,0,1,0
0,3,21,0,2,1,1,0,0,53.0,1,0,0,0,1,0
1,113,29,2,5,2,0,0,0,160.0,0,1,0,0,1,0
1,75,12,1,3,2,0,0,0,80.0,0,1,0,0,1,0
0,12,36,1,0,2,0,0,0,79.0,0,1,0,0,1,0
1,98,21,0,2,3,0,0,0,168.3,0,1,0,0,1,0
0,156,44,2,9,2,0,0,1,104.32,0,1,0,0,1,0
0,103,37,0,3,3,0,0,1,159.84,0,1,0,0,1,0
1,320,34,0,2,2,0,0,1,115.0,0,1,0,0,0,1
1,272,32,0,1,2,0,1,0,65.0,0,1,0,0,1,0
0,31,7,0,3,2,0,0,2,68.0,0,1,0,0,0,1
1,106,45,1,2,2,0,0,2,90.0,0,1,0,0,1,0
1,106,18,0,3,2,0,0,0,126.0,0,1,0,0,1,0
1,278,16,2,2,2,0,0,0,81.0,0,1,0,0,1,0
1,2,47,0,2,1,0,0,1,103.0,0,1,0,0,1,0
0,268,23,2,5,2,0,0,0,70.4,0,1,0,0,1,0
0,4,39,0,2,2,0,0,0,148.0,0,1,0,0,1,0
0,66,10,1,2,2,0,0,1,80.0,0,1,0,0,0,1
1,0,42,0,1,1,0,0,0,50.0,1,0,0,0,1,0
1,50,14,1,3,2,0,0,0,101.15,0,1,0,0,1,0
1,74,9,1,2,2,0,0,0,70.0,0,1,0,0,1,0
0,1,2,0,1,2,0,0,0,40.65,0,1,0,0,1,0
0,228,25,2,5,2,0,0,1,147.0,0,1,0,0,1,0
1,414,49,2,1,2,0,1,0,62.0,0,1,0,0,1,0
1,56,52,1,0,2,0,0,1,156.6,0,1,0,0,1,0
0,386,44,2,0,2,0,0,1,115.0,0,1,0,0,0,1
1,27,24,0,1,2,0,0,0,120.0,0,1,0,0,0,1
0,136,33,2,1,2,0,0,1,88.01,0,1,0,0,1,0
1,60,18,0,1,1,0,0,0,126.0,0,1,0,0,1,0
0,1,22,1,1,1,0,0,1,130.0,0,1,0,0,1,0
0,142,32,0,3,2,0,0,1,186.3,0,1,0,0,1,0
0,175,7,2,3,3,0,0,1,167.45,0,1,0,0,1,0
1,111,16,1,2,2,0,0,2,144.0,0,1,0,0,1,0
1,148,43,0,1,1,0,0,0,39.0,0,0,0,0,1,0
1,144,39,1,2,1,0,0,0,76.67,0,1,0,0,1,0
0,31,10,2,1,2,0,0,1,83.9,0,1,0,0,1,0
0,31,41,1,1,2,0,0,0,116.55,0,1,0,0,1,0
0,85,41,1,3,2,0,0,1,85.0,0,1,0,0,0,1
1,1,17,0,2,1,0,0,0,107.0,0,1,0,0,0,1
0,98,48,1,2,1,0,0,0,70.0,0,1,0,0,0,1
0,21,15,0,2,3,0,0,1,192.0,0,1,0,0,1,0
0,3,24,2,2,2,0,0,1,190.0,0,1,0,0,1,0
0,7,3,0,2,2,0,0,1,29.0,0,1,0,0,1,0
1,72,6,2,1,2,0,0,0,73.33,0,0,0,0,0,1
0,15,10,0,1,1,0,0,0,106.2,0,1,0,0,1,0
0,84,14,1,4,2,0,0,1,82.45,0,1,0,0,1,0
1,153,24,1,2,2,0,0,0,99.0,0,1,0,0,1,0
0,140,47,0,3,1,0,0,0,65.0,0,1,0,0,0,1
0,0,32,1,1,2,0,0,0,100.0,0,0,0,0,1,0
0,159,43,2,2,1,0,0,0,58.0,0,0,0,0,0,1
0,85,14,1,5,2,0,0,1,72.25,0,1,0,0,0,1
0,68,36,2,5,1,0,0,1,92.35,0,1,0,0,1,0
1,277,46,1,2,2,0,0,0,100.0,0,0,0,0,1,0
1,278,24,1,0,2,0,0,0,93.6,0,1,0,0,1,0
1,123,40,2,0,2,0,0,0,201.6,0,1,0,0,1,0
0,141,39,0,2,2,0,0,1,123.8,0,1,0,0,1,0
0,10,40,0,2,2,0,0,2,204.0,0,1,0,0,1,0
0,13,4,2,8,1,0,0,0,75.7,0,0,0,0,0,1
0,0,51,0,1,1,0,0,1,79.0,1,0,0,0,1,0
0,284,12,2,5,2,0,0,0,41.6,0,1,0,0,0,1
0,21,29,4,10,1,0,0,0,160.0,0,0,0,0,1,0
0,377,42,0,2,2,0,0,1,115.0,0,1,0,0,0,1
0,39,7,2,5,2,0,0,0,58.7,0,1,0,0,1,0
1,286,43,1,0,2,0,0,0,90.0,0,1,0,0,1,0
1,356,41,0,2,2,0,1,0,62.0,0,1,1,0,0,0
0,4,43,0,1,1,1,0,1,42.0,1,0,0,0,0,1
0,197,18,1,1,2,0,0,0,85.0,0,1,0,0,0,1
0,224,40,1,2,2,0,0,1,65.0,0,1,0,0,0,1
1,140,53,0,5,2,0,0,0,70.0,0,1,0,0,1,0
0,128,16,2,5,1,0,0,0,49.16,0,1,0,0,0,1
1,278,12,2,1,2,0,0,0,90.0,0,1,0,0,1,0
0,53,42,1,1,2,0,0,1,183.5,0,1,0,0,1,0
0,61,7,2,1,2,0,0,1,95.4,0,1,0,0,1,0
0,0,30,1,0,2,0,0,0,153.0,0,0,0,0,1,0
1,56,17,1,3,2,0,0,0,165.33,0,1,0,0,1,0
0,0,4,1,0,2,0,0,0,88.0,0,1,0,0,1,0
1,325,37,1,1,2,0,1,0,62.0,0,1,1,0,0,0
0,56,32,1,1,2,0,0,1,125.1,0,1,0,0,1,0
0,131,30,2,5,2,0,0,0,130.55,0,1,1,0,0,0
0,1,45,0,2,2,0,0,1,95.0,0,1,1,0,0,0
1,115,28,0,3,2,0,0,0,112.5,0,1,0,0,1,0
1,13,38,1,1,2,0,0,1,202.54,0,1,0,0,1,0
1,172,32,2,2,2,0,0,1,130.5,0,1,0,0,1,0
1,88,17,0,3,2,0,0,0,140.0,0,1,0,0,1,0
0,7,44,1,3,3,0,0,1,134.0,0,1,0,0,1,0
0,36,45,0,3,2,0,0,0,75.0,0,1,0,0,1,0
0,68,36,0,1,2,0,0,0,265.0,0,1,0,0,1,0
0,5,44,0,1,1,0,0,0,65.0,1,0,0,0,1,0
0,13,13,1,0,2,0,0,1,85.0,0,1,0,0,1,0
0,75,38,2,2,2,0,0,0,62.0,0,1,0,0,0,1
1,50,46,0,2,1,0,0,0,145.69,0,1,0,0,1,0
1,237,21,2,4,2,0,0,1,76.2,0,1,0,0,1,0
1,3,10,0,3,2,0,0,1,149.33,0,1,0,0,1,0
1,20,28,0,1,1,1,3,0,67.0,1,0,0,0,1,0
1,276,39,0,3,2,0,0,0,95.0,0,1,0,0,0,1
1,3,34,1,3,2,0,0,0,130.0,1,0,0,0,1,0
0,17,48,0,1,2,0,0,1,48.0,0,1,0,0,1,0
0,81,14,0,2,2,0,0,0,0.0,0,0,0,0,1,0
0,3,4,0,1,1,0,0,0,66.0,1,0,0,0,0,1
0,41,32,2,1,2,0,0,1,168.3,0,0,0,0,0,1
0,123,18,1,4,2,0,0,2,108.0,0,1,0,0,1,0
0,7,9,1,3,2,0,0,0,47.0,1,0,0,0,0,1
0,127,28,2,5,2,0,0,1,160.69,0,1,0,0,1,0
0,396,26,2,0,2,0,0,1,122.4,0,1,0,0,0,1
0,192,43,0,2,2,0,0,0,95.0,0,1,0,0,0,1
0,6,14,1,0,1,0,0,0,119.0,0,1,0,0,1,0
0,66,49,1,1,2,0,0,0,64.0,0,1,0,0,0,1
0,0,16,0,1,2,1,0,0,95.0,0,0,0,0,1,0
1,13,6,8,21,1,0,0,0,75.36,0,1,0,0,1,0
1,137,26,2,4,2,0,0,0,120.0,0,1,0,0,1,0
1,1,10,2,1,1,0,0,0,60.0,0,1,0,0,0,1
1,342,39,2,4,2,0,1,0,170.0,0,1,0,0,1,0
1,290,32,1,1,2,0,1,0,62.0,0,1,1,0,0,0
0,0,4,0,1,2,0,0,1,91.0,0,0,0,0,1,0
0,41,41,0,2,1,0,0,1,107.41,0,1,0,0,1,0
1,3,8,1,0,1,0,0,0,65.0,0,0,0,0,1,0
1,66,29,0,2,2,0,0,1,103.5,0,1,0,0,1,0
1,179,27,2,5,2,0,0,1,81.0,0,1,0,0,1,0
0,0,15,1,1,2,0,0,0,85.0,0,0,0,0,1,0
0,37,4,2,0,2,0,0,0,84.0,0,1,0,1,0,0
0,41,17,0,1,1,0,0,0,110.0,1,0,0,0,0,1
0,175,29,1,2,2,0,0,2,94.23,0,1,0,0,1,0
0,17,13,2,8,2,0,0,0,51.98,0,1,1,0,0,0
1,66,33,0,4,1,0,0,2,230.0,0,1,0,0,1,0
1,52,11,1,1,1,0,0,0,80.0,0,1,0,0,1,0
0,16,23,2,0,2,0,0,0,109.0,0,1,0,0,1,0
0,296,33,1,1,2,0,0,1,86.63,0,1,0,0,1,0
0,131,22,2,8,2,0,0,1,102.8,0,1,0,0,0,1
1,54,46,2,1,2,0,0,1,88.2,0,1,0,0,1,0
1,56,12,2,4,2,0,0,0,93.5,0,1,0,0,1,0
0,10,3,0,1,2,0,0,0,58.0,0,1,0,0,1,0
0,98,52,3,6,2,0,0,1,101.87,0,1,0,0,1,0
1,319,31,2,5,2,0,0,1,144.97,0,1,0,0,1,0
0,124,32,2,1,2,0,0,0,94.5,0,1,0,0,0,1
0,112,53,0,3,2,0,0,0,245.33,0,0,0,0,0,1
0,9,34,2,5,2,0,0,0,75.0,0,1,0,0,1,0
1,80,35,3,6,2,0,0,1,194.0,0,1,0,0,1,0
0,0,37,1,4,1,0,0,1,90.71,0,1,0,0,1,0
1,115,42,2,1,2,0,0,2,132.3,0,1,0,0,1,0
0,2,6,2,2,2,0,0,1,102.0,0,1,0,0,1,0
1,157,28,1,3,2,0,0,1,76.5,0,1,0,0,1,0
0,423,29,1,1,1,0,0,0,95.5,0,1,0,0,0,1
0,1,31,0,3,3,0,0,0,276.0,0,1,0,0,1,0
0,41,18,2,5,2,0,0,1,90.1,0,1,0,0,1,0
0,118,24,1,2,1,0,0,0,110.0,0,1,0,0,0,1
1,166,29,0,2,2,0,24,0,121.5,0,0,0,0,1,0
1,164,26,2,5,2,0,0,0,141.12,0,1,0,0,1,0
0,3,7,0,1,1,0,0,0,43.0,0,0,0,0,1,0
0,153,8,2,1,2,0,0,0,75.0,0,1,0,0,1,0
1,5,27,0,4,2,0,0,0,134.0,0,1,0,0,1,0
1,183,49,2,1,2,0,0,0,72.0,0,1,0,0,1,0
1,68,8,0,2,2,0,1,0,75.0,0,1,0,0,1,0
0,69,15,2,2,2,0,0,0,130.5,0,1,0,0,1,0
0,242,29,0,3,2,0,0,1,65.18,0,1,0,0,1,0
0,43,9,1,2,2,0,0,1,88.5,0,1,0,0,1,0
1,117,29,0,3,3,0,0,0,146.7,0,1,0,0,1,0
1,291,25,2,6,2,0,0,2,99.0,0,1,0,0,1,0
0,16,26,1,2,2,1,0,1,193.33,0,1,0,0,1,0
0,12,27,1,3,3,0,0,0,131.0,0,1,0,0,1,0
0,7,12,0,1,1,0,0,0,79.0,1,0,0,0,1,0
0,22,32,0,3,2,0,0,1,169.0,0,1,0,0,1,0
0,64,17,2,4,2,0,0,2,115.03,0,1,0,0,0,1
0,38,52,1,1,2,0,0,0,130.35,0,1,0,0,1,0
0,64,21,0,2,1,0,0,0,130.0,1,0,0,0,0,1
1,177,33,2,4,2,0,0,0,218.0,0,1,0,0,1,0
0,55,37,2,0,2,0,0,0,75.0,0,1,0,0,0,1
0,5,17,0,1,2,0,0,0,89.0,0,1,0,0,1,0
1,52,28,1,2,2,0,0,0,132.9,0,1,0,0,1,0
1,335,38,0,2,2,0,1,0,62.0,0,1,1,0,0,0
0,30,20,0,2,2,0,0,1,116.1,0,1,0,0,1,0
0,23,1,2,1,2,0,0,1,109.0,0,1,0,0,0,1
1,328,23,2,9,2,0,0,1,74.25,0,1,0,0,1,0
0,24,13,1,0,2,0,0,0,70.0,0,1,0,0,1,0
0,33,43,1,1,2,0,0,2,96.3,0,1,1,0,0,0
0,69,44,2,1,2,0,0,0,85.67,0,1,0,0,0,1
0,28,51,0,1,1,0,0,0,65.0,0,1,0,0,0,1
0,72,33,0,2,2,0,0,0,207.05,0,1,0,0,1,0
0,5,53,1,2,1,0,0,1,48.0,0,1,0,0,1,0
0,70,10,0,4,2,0,0,1,70.69,0,1,0,0,1,0
1,37,6,2,2,2,0,0,0,142.8,0,1,0,0,1,0
1,333,39,0,2,2,0,1,0,90.0,0,1,0,0,1,0
0,169,14,1,3,1,0,0,0,60.0,1,0,0,0,0,1
0,414,28,0,2,1,0,0,0,95.5,0,1,0,0,0,1
0,4,5,1,0,1,0,0,0,59.0,1,0,0,0,0,1
1,73,6,0,2,2,0,0,1,79.2,0,1,0,0,1,0
0,39,20,1,2,2,0,0,0,127.39,0,1,0,0,1,0
0,28,13,2,5,2,0,0,0,95.14,0,0,0,0,1,0
0,252,42,2,1,2,0,0,0,106.3,0,1,0,0,1,0
0,12,29,2,2,2,0,0,0,62.0,0,1,0,0,0,1
1,195,27,0,4,3,0,0,0,147.9,0,1,0,0,1,0
1,129,37,0,3,2,0,0,0,118.8,0,1,0,0,1,0
0,167,31,1,5,2,0,0,1,120.6,0,1,0,0,1,0
0,53,11,1,4,2,0,0,1,92.02,0,1,0,0,1,0
0,69,37,0,2,3,0,0,0,84.0,0,1,0,0,0,1
1,81,40,4,10,1,0,1,2,66.43,0,0,0,0,1,0
0,45,47,0,2,2,0,0,1,79.2,0,1,0,0,1,0
1,0,24,0,2,2,0,0,0,135.0,0,1,0,0,1,0
0,0,36,2,0,3,0,0,1,231.0,0,1,0,0,1,0
0,10,9,0,3,2,0,0,1,48.0,0,1,0,0,0,1
1,168,17,1,2,2,0,0,0,85.0,0,1,0,0,1,0
1,6,51,1,2,2,0,0,0,87.0,0,1,0,0,1,0
0,12,32,0,4,2,0,0,1,221.0,0,1,0,0,1,0
0,25,16,2,1,2,0,0,2,127.67,0,1,0,0,1,0
1,297,33,1,1,1,0,1,0,60.0,0,1,0,0,0,1
0,9,51,2,0,2,0,0,2,35.12,0,1,0,0,1,0
1,211,21,2,4,2,0,0,1,197.1,0,1,0,0,1,0
1,36,21,1,2,2,0,0,0,136.0,0,1,0,0,1,0
0,64,21,0,3,1,0,0,0,130.0,1,0,0,0,0,1
0,12,32,2,1,1,0,0,1,112.42,0,1,0,0,1,0
1,157,23,2,2,2,0,0,2,171.0,0,1,0,0,1,0
0,4,39,1,0,1,1,0,0,65.0,1,0,0,0,1,0
0,12,35,1,5,2,0,0,2,198.33,0,1,0,0,1,0
0,140,17,2,2,2,0,0,1,130.0,0,1,0,0,0,1
0,12,3,0,1,2,0,0,2,48.0,0,1,0,0,1,0
1,188,33,1,1,2,0,0,0,105.3,0,1,0,0,1,0
0,191,18,2,5,1,0,0,0,54.71,0,0,0,0,0,1
1,114,24,2,5,2,0,0,0,140.0,0,1,0,0,1,0
0,25,4,1,2,2,0,0,1,58.16,0,1,0,0,1,0
0,69,33,4,5,3,0,0,0,231.76,0,1,0,0,1,0
0,0,9,1,3,2,0,0,0,74.8,0,1,0,0,1,0
0,86,12,2,5,1,0,0,0,68.85,0,1,0,0,1,0
1,121,19,0,3,2,0,0,0,108.0,0,1,0,0,1,0
1,70,8,0,4,2,0,0,0,42.0,1,0,0,0,0,1
0,60,6,0,4,2,0,0,3,74.8,0,1,0,0,1,0
1,69,25,2,4,1,0,0,0,120.0,0,1,0,0,1,0
0,225,22,0,3,1,0,0,0,66.0,1,0,0,0,0,1
1,200,37,2,1,2,0,1,0,86.0,0,1,0,0,0,1
0,5,9,0,1,1,0,0,1,93.0,0,1,0,0,1,0
1,38,28,1,0,2,0,0,0,117.9,0,1,0,0,1,0
0,276,39,0,3,2,0,0,0,116.33,0,1,0,0,0,1
0,53,13,0,3,2,0,0,1,91.47,0,1,0,0,1,0
1,35,8,0,2,2,0,0,0,99.0,0,1,0,0,1,0
0,6,10,0,2,1,0,0,0,35.0,1,0,0,0,1,0
1,59,20,0,3,2,0,0,0,73.15,0,1,0,0,1,0
0,133,35,2,3,2,0,0,2,70.04,0,1,0,0,1,0
0,83,18,1,2,2,0,0,2,105.3,0,1,0,0,1,0
0,199,19,1,1,2,0,0,0,85.0,0,1,0,0,0,1
0,140,17,2,2,2,0,0,1,130.0,0,1,0,0,0,1
0,3,36,0,1,2,0,0,1,140.0,0,1,0,0,1,0
0,21,20,0,0,1,0,0,0,0.0,1,0,0,0,1,0
0,172,28,1,4,2,0,0,1,79.03,0,1,0,0,1,0
0,0,20,0,1,3,0,0,0,305.0,0,0,0,0,1,0
0,168,37,0,2,1,0,0,0,50.0,0,1,0,0,0,1
1,23,9,1,0,2,0,0,1,91.0,0,1,0,0,1,0
0,109,19,1,2,1,0,0,1,88.01,0,1,0,0,1,0
0,44,17,2,1,3,0,0,1,133.0,0,1,0,0,0,1
1,39,17,1,4,2,0,0,0,120.6,0,1,0,0,1,0
1,311,35,1,1,2,0,1,0,62.0,0,1,1,0,0,0
1,241,35,1,3,2,0,0,0,117.0,0,1,0,0,1,0
1,179,34,2,1,2,0,1,0,86.0,0,1,0,0,0,1
1,305,19,0,3,2,0,0,0,89.1,0,0,0,0,0,1
1,103,37,0,3,2,0,0,0,149.4,0,1,0,0,1,0
1,230,37,0,5,2,0,0,0,137.0,0,1,0,0,0,1
0,170,33,1,4,2,0,0,2,114.75,0,1,0,0,1,0
1,93,51,0,1,2,0,0,0,80.0,0,0,0,0,1,0
1,96,17,0,2,2,0,0,0,130.0,0,1,0,0,1,0
0,46,40,2,5,2,0,0,0,55.43,0,1,0,0,1,0
1,28,9,2,5,2,0,0,0,101.51,0,1,0,0,1,0
1,24,14,0,3,2,0,0,0,134.33,0,1,0,0,1,0
1,8,41,2,1,2,0,1,0,62.0,0,1,0,0,1,0
1,71,43,0,2,2,0,0,1,44.66,0,1,0,0,1,0
0,20,2,0,2,2,0,0,0,35.25,0,1,0,0,1,0
0,167,20,0,1,2,0,0,2,118.8,0,1,0,0,1,0
0,58,53,0,4,2,0,0,1,238.5,0,1,0,0,1,0
1,195,39,2,5,2,0,0,0,51.85,0,1,1,0,0,0
0,10,18,2,3,2,0,0,1,94.8,0,1,0,0,1,0
0,105,47,2,4,2,0,0,0,69.0,0,1,0,0,0,1
1,35,29,2,4,2,0,0,0,135.0,0,1,0,0,1,0
1,206,16,2,1,1,0,0,0,109.8,0,1,0,0,1,0
0,0,33,0,1,2,0,0,0,80.0,0,0,0,0,1,0
0,66,15,2,6,2,0,0,1,73.0,0,1,0,0,1,0
1,182,18,0,4,2,0,1,0,75.0,0,1,0,0,1,0
1,259,19,0,3,2,0,0,0,90.0,0,1,0,0,1,0
0,48,11,0,3,2,0,0,1,105.3,0,1,0,0,1,0
0,288,25,2,5,3,0,0,0,125.6,0,0,0,0,1,0
0,0,3,0,1,2,0,0,0,67.0,0,0,0,0,1,0
0,11,49,2,2,2,0,0,0,104.0,0,1,0,0,0,1
0,0,5,0,1,2,0,0,0,91.0,0,0,0,0,0,1
1,277,46,1,2,2,0,0,0,100.0,0,0,0,0,1,0
1,245,16,2,3,2,0,0,0,109.8,0,1,0,0,1,0
0,4,3,1,0,2,0,0,1,48.0,0,1,0,0,1,0
0,112,11,0,3,1,0,0,0,40.0,1,0,0,0,0,1
0,322,26,0,3,2,0,0,0,92.0,0,0,0,0,0,1
0,68,13,2,3,1,0,0,0,86.2,0,1,0,0,1,0
0,6,16,1,1,3,0,0,1,152.0,0,1,0,0,1,0
0,72,3,1,2,2,0,0,0,165.6,0,1,0,0,1,0
0,10,6,1,1,2,0,0,0,90.0,1,0,0,0,0,1
1,40,27,2,1,2,0,0,0,100.02,0,1,0,0,1,0
0,57,24,1,2,2,0,0,1,90.67,0,1,0,0,0,1
0,15,27,0,2,1,0,0,1,270.0,0,1,0,0,1,0
0,219,36,0,1,2,0,0,2,110.7,0,1,0,0,1,0
1,57,23,0,1,1,0,0,0,120.0,0,0,0,0,0,1
1,44,8,0,3,2,0,0,0,75.0,0,1,0,0,1,0
1,47,26,2,5,2,0,0,0,93.0,0,1,0,0,1,0
0,6,53,0,3,2,0,0,0,148.0,0,1,0,0,1,0
0,49,9,0,3,2,0,0,0,77.0,0,1,0,0,1,0
0,0,12,1,1,1,0,0,0,152.0,0,0,0,0,1,0
0,184,30,0,4,2,0,0,1,139.0,0,1,0,0,1,0
0,1,33,0,2,1,0,0,0,0.0,1,0,0,0,1,0
1,241,16,0,4,2,0,0,1,99.0,0,1,0,0,1,0
0,193,19,0,1,2,0,0,1,94.59,0,1,0,0,1,0
1,266,18,0,3,2,0,0,0,100.0,0,1,0,0,1,0
0,28,35,2,1,2,0,0,1,118.15,0,1,0,0,1,0
0,122,16,0,2,2,0,0,0,85.0,0,1,0,0,0,1
0,271,39,0,3,1,0,0,0,85.67,0,1,0,0,0,1
1,278,12,2,1,2,0,0,0,90.0,0,1,0,0,1,0
0,0,4,1,2,2,0,0,0,93.0,0,1,0,0,0,1
0,101,18,0,1,2,0,0,0,98.0,0,1,0,0,0,1
0,64,13,0,2,2,0,0,0,106.5,0,1,0,0,1,0
0,4,36,1,1,1,0,0,0,80.0,0,1,0,0,1,0
0,38,21,1,3,3,0,0,0,170.0,0,1,0,0,1,0
1,243,18,2,5,2,0,0,2,130.0,0,1,0,0,1,0
0,15,13,2,6,2,0,0,0,120.0,1,0,0,0,0,1
1,113,28,2,5,2,0,0,1,190.0,0,0,0,0,1,0
0,0,29,0,1,1,0,0,0,201.0,0,0,0,0,1,0
1,189,18,0,2,2,0,0,0,46.0,0,1,0,0,0,1
1,275,41,2,0,2,0,26,0,50.0,0,1,0,0,1,0
0,189,21,0,3,2,0,0,0,65.0,0,1,0,0,0,1
0,153,28,2,3,2,0,0,1,72.25,0,1,0,0,0,1
0,67,24,0,3,2,0,0,1,116.1,0,1,0,0,1,0
0,223,22,1,5,2,0,0,0,52.0,1,0,0,0,0,1
0,21,23,0,2,2,0,0,1,126.0,0,1,0,0,0,1
1,12,34,1,4,2,0,0,0,242.0,0,1,0,0,1,0
0,120,42,0,3,1,0,0,2,132.3,0,1,0,0,1,0
1,188,28,0,2,2,0,0,0,168.3,0,1,0,0,1,0
1,112,14,0,2,2,0,0,0,95.0,1,0,0,0,1,0
1,25,31,1,1,2,0,0,0,62.0,0,1,0,0,0,1
0,168,25,2,2,2,0,0,3,130.5,0,1,0,0,1,0
0,1,51,0,4,1,0,0,1,34.0,0,1,0,0,1,0
0,87,29,3,6,2,0,0,0,72.25,0,1,0,0,1,0
0,48,11,1,3,2,0,0,0,72.0,0,1,0,0,1,0
0,44,12,2,3,3,0,0,2,123.4,0,1,0,0,1,0
1,211,20,1,1,2,0,0,0,85.0,0,1,0,0,0,1
0,14,42,0,2,1,0,0,0,100.0,0,1,0,0,0,1
1,451,25,0,1,2,0,0,0,90.0,0,1,0,0,1,0
1,69,33,2,4,2,0,0,0,209.0,0,1,0,0,1,0
0,2,15,0,1,1,0,0,0,89.0,0,1,0,0,1,0
1,257,2,1,2,2,0,0,0,129.6,0,1,0,0,1,0
1,201,24,0,4,2,0,0,0,110.0,0,0,0,0,1,0
1,175,33,1,3,2,0,0,1,200.0,0,1,0,0,1,0
0,36,45,0,5,2,0,0,0,60.0,0,1,0,1,0,0
0,4,7,0,2,2,0,0,1,79.0,0,1,0,0,0,1
0,252,16,2,5,2,0,0,0,76.8,0,1,0,0,0,1
1,23,15,0,3,2,0,0,0,85.0,0,1,0,0,1,0
0,17,50,2,3,2,0,0,1,96.0,0,1,0,0,1,0
1,172,27,2,2,2,0,0,3,117.9,0,1,0,0,1,0
0,7,43,0,1,1,1,1,0,65.0,1,0,0,0,1,0
1,68,8,0,2,2,0,1,0,75.0,0,1,0,0,1,0
0,176,15,2,2,2,0,0,1,113.0,0,1,0,0,0,1
0,32,47,0,2,1,0,0,0,73.0,0,1,0,0,0,1
0,197,33,1,2,2,0,0,1,118.2,0,1,0,0,1,0
0,44,15,2,1,2,0,0,0,130.67,0,1,0,0,1,0
0,0,18,0,1,1,0,0,0,155.0,0,1,0,0,1,0
0,101,18,0,1,2,0,0,0,98.0,0,1,0,0,0,1
1,437,23,0,1,2,0,0,0,90.0,0,1,0,0,1,0
0,104,35,2,2,3,0,0,1,175.23,0,1,0,0,1,0
0,180,33,2,5,3,0,0,0,116.1,0,1,0,0,1,0
1,155,33,0,4,3,0,0,0,205.0,0,1,0,0,1,0
0,6,53,1,0,2,0,0,0,76.0,0,1,0,0,1,0
1,33,34,0,2,2,0,0,1,129.5,0,1,0,0,1,0
0,102,17,1,2,2,0,0,0,85.0,0,1,0,0,1,0
1,205,38,1,2,2,0,0,0,120.0,0,1,0,0,1,0
0,190,19,0,3,2,0,0,1,95.4,0,1,0,0,1,0
0,5,4,1,3,2,0,0,0,45.0,0,1,0,0,1,0
1,15,7,0,2,2,0,0,0,95.0,0,1,0,0,1,0
1,86,10,0,3,2,0,0,0,46.0,0,1,0,0,1,0
0,65,3,0,1,2,0,0,0,82.0,0,1,0,0,1,0
0,95,23,2,2,2,0,0,0,162.0,0,1,0,0,1,0
0,9,30,0,3,2,0,0,3,230.0,0,1,0,0,1,0
0,10,9,1,3,1,0,0,0,87.0,0,1,0,0,1,0
0,131,25,2,3,2,0,0,1,105.74,0,1,0,0,1,0
0,16,3,2,2,2,0,0,1,42.5,0,0,0,0,0,1
0,14,20,0,3,3,0,0,2,186.0,0,1,0,0,1,0
1,224,26,0,3,2,0,0,2,117.0,0,1,0,0,1,0
1,73,25,2,4,3,0,0,0,183.5,0,1,0,0,1,0
0,19,18,2,3,2,0,0,0,140.0,0,1,0,0,1,0
1,221,24,1,2,2,0,1,0,80.0,0,1,0,0,1,0
0,0,10,0,3,2,1,0,0,67.0,0,1,0,1,0,0
1,267,53,1,1,3,0,0,0,121.5,0,1,0,0,1,0
0,28,6,2,2,2,0,0,0,84.65,0,1,0,0,0,1
1,197,45,2,1,2,0,0,0,82.5,0,1,0,0,1,0
1,28,31,0,1,2,0,0,0,119.0,0,1,0,0,1,0
1,19,13,2,2,2,0,0,0,29.0,0,1,0,0,1,0
1,112,7,0,2,2,0,0,0,68.0,0,1,0,0,0,1
1,47,43,2,3,2,0,0,1,75.0,0,1,0,0,1,0
0,2,44,2,1,1,0,0,0,75.33,0,1,0,0,0,1
1,129,2,2,1,1,0,0,0,67.0,0,0,0,0,1,0
1,34,16,2,5,2,0,0,0,65.45,0,1,0,0,1,0
1,41,53,2,5,2,0,0,0,69.29,0,0,0,0,0,1
0,152,33,2,2,2,0,0,0,80.1,0,1,0,0,1,0
0,107,41,1,3,2,0,0,0,95.0,0,1,0,0,1,0
0,272,27,1,3,2,0,0,2,135.9,0,1,0,0,1,0
1,213,8,1,2,3,0,0,0,122.4,0,1,0,0,1,0
0,5,13,0,3,2,0,0,0,84.33,0,1,0,0,1,0
0,12,30,1,3,2,0,0,2,239.0,0,1,0,0,1,0
0,34,11,1,4,2,0,0,0,56.0,0,1,0,0,1,0
0,118,24,1,2,1,0,0,0,110.0,0,1,0,0,0,1
1,274,40,2,5,2,0,1,0,36.05,0,1,0,0,1,0
0,1,5,0,1,2,0,0,1,88.0,0,1,0,0,1,0
0,159,32,2,4,2,0,0,1,96.3,0,1,0,0,1,0
0,9,6,2,1,1,0,0,0,33.84,0,1,0,0,1,0
0,32,33,0,2,2,0,0,1,180.0,0,1,0,0,1,0
0,0,51,0,1,1,0,0,0,25.0,1,0,0,0,1,0
1,92,17,0,2,2,0,0,0,96.3,0,1,0,0,1,0
0,13,11,1,3,2,0,0,2,136.85,0,1,0,0,1,0
0,4,50,2,3,2,0,0,0,90.78,0,1,0,0,1,0
0,149,27,2,5,2,0,0,1,69.6,0,1,1,0,0,0
0,65,38,0,3,1,0,0,2,74.0,0,1,0,0,1,0
0,0,49,0,1,1,1,0,0,79.0,1,0,0,0,1,0
0,21,46,0,1,1,0,0,1,123.2,0,1,0,0,1,0
0,98,28,0,3,2,0,0,1,199.0,0,1,0,0,1,0
1,18,44,2,1,2,0,0,0,46.0,0,1,0,0,1,0
1,237,34,1,2,1,0,0,1,109.8,0,1,0,0,1,0
1,100,47,1,3,2,0,0,0,34.0,0,0,0,0,0,1
0,2,27,1,0,2,0,0,1,118.0,0,1,0,0,1,0
0,166,10,2,2,2,0,0,1,88.4,0,1,0,0,1,0
0,35,49,2,3,2,0,0,2,88.4,0,1,0,0,1,0
0,94,28,4,6,3,0,0,1,124.45,0,0,0,0,1,0
0,218,34,2,5,2,0,0,4,111.92,0,1,0,0,1,0
0,3,14,2,2,2,0,0,2,150.0,0,1,0,0,1,0
0,76,7,2,2,2,0,0,1,88.4,0,1,0,0,1,0
1,129,27,1,4,2,0,0,1,80.75,0,1,0,0,1,0
1,143,18,0,2,1,0,0,0,110.0,0,1,0,0,1,0
1,140,40,2,5,2,0,0,1,91.86,0,1,0,0,1,0
0,53,26,0,2,2,0,0,0,109.1,0,1,0,0,1,0
0,0,37,2,4,1,0,0,1,85.0,0,1,0,0,0,1
0,192,26,0,2,1,0,0,0,95.0,0,1,0,0,0,1
1,45,18,2,2,2,0,0,0,152.1,0,1,0,0,1,0
0,256,38,1,2,1,0,0,0,64.33,0,1,0,0,0,1
0,405,27,0,2,2,0,0,0,114.4,0,1,0,0,0,1
0,6,2,0,3,2,0,0,1,34.0,0,1,0,0,0,1
1,69,20,0,2,2,0,0,0,99.0,0,1,0,0,1,0
0,518,34,2,1,2,0,0,1,112.67,0,1,0,0,0,1
1,218,24,0,2,2,0,1,0,135.0,0,1,0,0,1,0
0,17,44,0,1,2,0,0,2,110.0,0,0,0,0,1,0
0,122,27,1,3,1,0,0,0,106.0,1,0,0,0,1,0
0,292,30,0,2,2,0,0,0,115.0,0,1,0,0,0,1
1,49,3,0,3,2,0,0,0,153.87,0,1,0,0,1,0
0,38,9,2,1,2,0,0,0,75.0,0,1,0,0,1,0
1,184,30,0,4,3,0,0,1,175.5,0,1,0,0,1,0
0,38,33,0,2,2,0,0,1,223.0,0,1,0,0,1,0
0,98,45,2,1,2,0,0,1,90.6,0,1,0,0,1,0
1,27,20,0,3,2,0,0,0,141.0,0,1,0,0,1,0
1,121,26,1,2,2,0,0,0,90.0,0,1,0,0,1,0
0,11,42,1,0,2,0,0,1,50.0,1,0,0,0,0,1
1,201,17,2,2,2,0,0,1,103.5,0,1,0,0,1,0
1,198,39,0,3,3,0,0,1,159.3,0,1,0,0,1,0
1,24,9,0,1,1,0,0,2,85.0,0,1,0,0,1,0
1,457,34,0,2,2,0,0,0,80.0,0,1,0,0,0,1
1,482,45,0,2,2,0,0,0,62.8,0,1,0,0,1,0
1,331,53,1,5,3,0,0,2,110.78,0,1,0,0,1,0
0,40,9,2,3,2,0,0,0,90.0,0,1,0,0,1,0
1,330,37,2,2,2,0,1,0,62.0,0,1,0,0,0,1
1,247,44,1,2,2,0,0,0,110.0,0,1,0,0,1,0
1,151,4,0,3,1,0,0,0,80.0,0,1,0,0,0,1
0,190,33,1,2,2,0,0,1,121.5,0,1,0,0,0,1
1,48,46,1,3,2,0,1,2,115.2,0,1,1,0,0,0
0,159,48,0,4,2,0,0,2,85.0,0,1,0,0,1,0
1,204,36,1,2,2,0,1,0,66.13,0,1,0,0,1,0
0,170,30,2,5,2,0,0,1,110.0,0,1,1,0,0,0
0,116,23,1,3,3,0,0,0,136.25,0,1,0,0,0,1
0,0,5,0,1,1,0,0,0,35.0,1,0,0,0,1,0
0,0,14,0,2,1,0,0,0,110.0,1,0,0,0,1,0
1,77,9,0,2,2,0,0,0,64.0,0,1,0,0,1,0
0,46,4,0,2,2,0,0,1,80.3,0,1,0,0,1,0
0,0,15,0,1,1,0,0,0,56.0,0,0,0,0,1,0
0,64,21,0,2,1,0,0,0,130.0,1,0,0,0,0,1
0,42,35,1,0,2,0,0,1,85.0,0,1,0,0,1,0
1,135,17,2,0,2,0,0,0,90.0,0,1,0,0,1,0
0,140,47,0,3,1,0,0,1,65.0,0,1,0,0,0,1
0,255,43,2,5,2,0,0,1,74.61,0,1,0,0,1,0
1,14,9,0,2,2,0,0,0,88.0,0,1,0,0,1,0
0,44,40,2,5,2,0,0,1,69.93,0,1,1,0,0,0
1,274,29,2,2,2,0,1,0,62.0,0,1,0,0,0,1
0,46,25,2,5,2,0,0,2,106.0,0,1,0,0,1,0
0,9,50,0,1,1,0,0,0,65.0,1,0,0,0,0,1
1,20,21,0,1,2,0,0,0,120.0,0,1,0,0,0,1
1,278,30,0,2,2,0,1,0,62.0,0,1,1,0,0,0
1,69,20,0,2,2,0,0,0,67.0,0,1,0,0,0,1
1,7,38,0,2,2,0,0,0,184.0,0,1,0,0,1,0
1,323,36,1,1,2,0,1,0,62.0,0,1,0,0,0,1
1,66,35,0,2,2,0,0,0,112.05,0,0,0,0,1,0
1,110,31,0,3,3,0,0,1,155.0,0,1,0,0,1,0
0,12,31,1,1,3,0,0,0,188.95,0,1,0,0,1,0
0,39,13,0,3,3,0,0,1,142.8,0,1,0,0,1,0
1,42,21,2,2,2,0,0,0,198.9,0,1,0,0,1,0
0,136,28,2,4,1,0,0,0,173.0,0,1,0,0,1,0
0,205,27,0,3,3,0,0,2,129.72,0,1,0,0,1,0
0,130,28,2,0,2,0,0,1,140.0,0,1,0,0,0,1
0,24,24,2,2,2,0,0,1,105.64,0,1,0,0,1,0
0,28,4,0,5,2,0,0,1,67.58,0,1,0,0,1,0
0,0,4,1,3,2,0,0,0,91.8,0,1,0,0,1,0
0,34,49,2,2,2,0,0,0,80.0,0,1,0,0,0,1
0,145,33,2,2,2,0,0,0,171.6,0,0,0,0,0,1
0,24,24,1,3,3,0,0,1,209.4,0,1,0,0,1,0
1,286,31,0,2,2,0,1,0,62.0,0,1,1,0,0,0
0,62,16,1,4,1,0,0,0,85.0,1,0,0,0,0,1
0,92,23,0,4,2,0,0,1,187.85,0,1,0,0,0,1
0,99,48,0,2,1,0,0,0,70.0,0,1,0,0,0,1
0,8,8,1,2,2,0,0,1,124.0,0,1,0,0,1,0
1,100,44,1,1,2,0,0,0,62.0,0,1,0,0,0,1
0,0,49,0,2,2,0,0,1,51.8,0,1,0,0,0,1
1,229,40,1,4,2,0,0,0,105.2,0,1,0,0,1,0
1,198,31,2,5,2,0,0,0,130.5,0,1,0,0,1,0
0,12,2,2,5,2,0,0,2,48.0,0,1,0,0,1,0
1,53,11,1,4,2,0,0,0,74.8,0,1,0,0,1,0
1,305,45,1,2,2,0,0,0,89.0,0,1,0,0,1,0
0,49,10,2,2,1,0,0,0,66.0,0,0,0,0,0,1
0,19,7,0,1,1,0,0,0,80.0,0,1,0,0,1,0
1,147,14,2,2,2,0,0,1,117.0,0,1,0,0,1,0
0,0,6,0,1,1,0,0,0,39.0,0,0,0,0,1,0
0,19,35,2,5,2,0,0,2,135.0,0,1,0,0,1,0
0,14,50,1,2,2,0,0,0,84.0,0,1,0,0,0,1
1,32,48,0,1,2,0,0,1,78.0,0,1,0,0,1,0
0,143,15,0,1,2,0,0,2,99.0,0,1,0,0,1,0
0,132,27,1,2,2,0,0,0,72.25,0,1,0,0,1,0
1,300,16,0,3,1,0,0,2,104.4,0,1,0,0,1,0
1,200,30,2,5,3,0,0,0,170.0,0,1,0,0,1,0
0,0,41,1,0,2,1,0,0,75.0,1,0,0,0,1,0
0,79,16,1,2,2,0,0,3,96.3,0,1,0,0,1,0
0,164,25,2,5,2,0,0,2,94.89,0,1,0,0,1,0
1,101,47,0,2,2,0,0,2,90.0,0,1,0,0,1,0
0,45,12,2,2,3,0,0,2,124.1,0,1,0,0,1,0
0,155,32,2,2,2,0,0,1,251.0,0,1,0,0,0,1
0,22,52,2,2,2,0,0,0,134.78,0,1,0,0,1,0
1,468,43,0,2,2,0,0,0,62.0,0,1,0,0,1,0
1,91,12,0,2,1,0,0,0,75.0,0,1,0,0,1,0
0,28,35,2,1,2,0,0,1,134.37,0,1,0,0,1,0
0,0,20,1,2,1,1,0,0,95.0,0,1,0,0,1,0
0,98,48,1,2,1,0,0,0,70.0,0,1,0,0,0,1
0,6,9,0,4,2,0,0,0,37.0,1,0,0,0,0,1
0,28,40,0,1,2,0,0,2,75.0,0,1,0,0,1,0
0,37,50,1,3,2,0,0,0,74.25,0,1,1,0,0,0
1,48,31,1,1,1,0,0,1,124.2,0,1,0,0,1,0
1,40,46,0,4,1,0,0,0,40.0,0,1,0,0,0,1
1,377,44,0,2,2,0,1,0,62.0,0,1,1,0,0,0
1,28,9,0,3,2,0,0,0,95.0,0,0,0,0,1,0
1,174,22,0,2,2,0,0,0,100.0,0,1,0,0,1,0
0,100,31,2,5,2,0,0,0,125.0,0,1,0,0,0,1
0,63,35,0,3,3,0,0,2,195.33,0,1,0,0,0,1
0,0,29,0,1,2,0,0,0,154.0,0,0,0,0,1,0
0,457,34,0,2,2,0,0,1,122.4,0,1,0,0,0,1
1,161,15,2,7,2,0,0,1,67.5,0,1,0,0,1,0
0,0,6,1,1,2,0,0,0,117.0,0,1,0,0,1,0
0,6,42,0,1,2,0,0,0,108.05,0,1,0,0,1,0
0,118,24,1,1,1,0,0,0,110.0,0,1,0,0,0,1
0,2,35,2,4,3,0,0,0,173.25,0,0,0,0,1,0
0,108,13,2,3,2,0,0,1,120.0,0,1,0,0,0,1
1,267,17,2,3,2,0,0,1,81.0,0,1,0,0,1,0
0,6,21,2,4,2,0,0,0,153.33,0,1,0,0,1,0
1,47,20,1,0,2,0,0,0,89.0,0,1,0,0,1,0
0,457,34,0,2,2,0,0,1,122.4,0,1,0,0,0,1
0,6,52,0,2,2,0,0,1,48.0,0,1,0,0,1,0
0,35,34,1,2,2,0,0,0,274.0,0,1,0,0,1,0
1,5,51,1,0,1,0,0,0,39.0,0,1,0,0,1,0
0,56,38,0,2,2,0,0,0,82.0,0,1,0,0,0,1
0,1,22,1,0,2,0,0,2,81.0,0,1,0,0,1,0
1,91,52,2,4,2,0,0,1,75.6,0,1,0,0,0,1
1,111,21,0,2,2,0,0,0,126.0,0,1,0,0,1,0
0,27,15,0,1,2,0,0,1,87.0,0,1,0,0,1,0
0,27,6,2,2,1,0,0,1,68.0,0,1,0,0,1,0
1,99,22,2,5,2,0,0,0,155.0,0,1,0,0,1,0
1,200,37,2,1,2,0,1,0,86.0,0,1,0,0,0,1
0,221,41,1,1,2,0,0,1,74.0,0,1,0,0,0,1
1,330,37,2,2,2,0,1,0,62.0,0,1,0,0,0,1
1,167,22,2,2,2,0,0,2,141.0,0,1,0,0,1,0
0,0,8,0,1,1,1,2,3,65.0,0,1,0,0,1,0
1,106,13,1,3,2,0,0,0,84.0,0,1,0,0,1,0
1,26,8,1,2,2,0,0,0,90.0,0,1,0,0,1,0
0,108,28,2,5,3,0,0,2,239.0,0,0,0,0,1,0
0,8,36,0,1,2,0,0,1,119.0,0,1,0,0,1,0
0,0,37,1,0,2,0,0,0,133.0,0,1,0,0,1,0
0,39,33,0,2,2,0,0,0,109.0,0,1,0,0,0,1
0,92,19,0,3,2,0,0,1,95.59,0,1,0,0,1,0
1,134,23,0,2,2,0,0,0,110.0,0,1,0,0,1,0
0,216,42,2,5,2,0,0,2,46.75,0,1,1,0,0,0
0,1,36,0,3,2,0,0,0,130.33,0,1,1,0,0,0
1,9,13,0,2,1,0,0,1,56.0,0,1,0,0,1,0
1,167,44,2,5,2,0,0,1,104.4,0,1,0,0,1,0
0,214,35,2,8,2,0,0,0,85.8,0,1,1,0,0,0
0,122,16,0,2,2,0,0,0,85.0,0,1,0,0,0,1
0,292,29,1,0,2,0,0,2,72.9,0,1,0,0,1,0
1,94,10,0,2,2,0,1,0,80.0,0,1,0,0,1,0
1,21,40,0,1,1,0,1,0,170.0,0,1,0,0,1,0
1,148,53,1,3,2,0,0,0,77.5,0,1,0,0,1,0
1,219,40,1,2,2,0,0,0,120.0,0,1,0,0,1,0
1,490,30,2,1,2,0,0,0,90.0,0,1,0,0,1,0
1,122,47,0,2,2,0,0,2,32.4,0,1,0,0,1,0
0,33,37,2,3,2,0,0,1,146.22,0,1,0,0,1,0
0,207,24,1,2,2,0,0,0,80.75,0,1,0,0,1,0
0,12,20,0,2,2,0,0,1,85.0,0,1,0,0,1,0
0,177,30,0,3,2,0,0,1,99.3,0,1,0,0,1,0
0,103,16,0,1,2,0,0,1,139.5,0,1,0,0,1,0
0,256,38,1,2,2,0,0,0,76.67,0,1,0,0,0,1
0,23,7,1,3,2,0,0,0,40.5,0,1,0,0,1,0
0,3,9,0,2,2,0,0,2,112.0,0,1,0,0,1,0
0,31,44,0,2,2,0,0,0,47.0,0,1,0,0,1,0
0,126,30,0,2,2,0,0,1,139.5,0,1,0,0,1,0
1,92,9,1,2,2,0,1,0,79.0,0,1,0,0,1,0
0,0,33,2,0,2,0,0,1,116.0,0,1,0,0,1,0
0,2,23,0,2,1,0,0,0,90.0,0,1,0,0,0,1
0,128,15,2,5,2,0,0,1,72.71,0,1,0,0,0,1
1,313,34,2,5,2,0,1,0,95.4,0,1,1,0,0,0
1,69,49,2,5,2,0,0,1,58.4,0,1,0,0,1,0
0,320,34,0,2,2,0,0,1,115.0,0,1,0,0,0,1
0,253,17,2,5,1,0,0,0,51.37,0,1,0,0,0,1
1,74,7,1,1,2,0,0,0,40.0,1,0,0,0,0,1
0,13,47,1,2,2,0,0,2,125.0,0,1,0,0,1,0
0,135,13,2,3,2,0,0,1,90.09,0,1,0,0,1,0
1,322,36,0,3,1,1,1,0,100.8,0,1,0,0,1,0
1,20,42,1,5,2,1,1,0,98.4,0,1,0,0,1,0
0,3,2,1,2,2,0,0,2,79.33,0,1,0,0,1,0
0,266,39,2,4,1,0,0,0,34.0,0,1,0,0,0,1
0,56,45,1,2,2,0,0,1,60.0,0,1,0,0,1,0
0,518,34,2,1,2,0,0,1,112.67,0,1,0,0,0,1
1,166,29,0,2,2,0,1,0,121.5,0,0,0,0,1,0
0,173,53,1,2,2,0,0,1,132.0,0,0,0,0,1,0
1,181,32,2,4,1,0,0,0,121.5,0,1,0,0,1,0
0,171,29,2,3,2,0,0,1,89.1,0,1,0,0,1,0
0,84,16,1,5,1,0,0,0,74.6,0,0,0,0,0,1
0,2,28,0,1,2,0,0,0,149.0,0,1,0,0,1,0
0,287,42,1,3,1,0,0,0,37.0,1,0,0,0,0,1
0,200,29,1,2,2,0,0,4,140.7,0,1,0,0,1,0
0,164,27,4,10,2,0,0,0,59.8,0,1,1,0,0,0
0,105,47,2,4,2,0,0,0,69.0,0,1,0,0,0,1
0,152,14,0,4,2,0,0,0,48.0,1,0,0,0,0,1
0,21,9,0,4,3,0,0,2,125.8,0,1,0,0,1,0
1,38,2,0,1,1,0,0,0,75.0,1,0,0,0,1,0
0,98,29,1,3,2,0,0,0,141.75,0,1,0,0,1,0
0,61,36,1,3,2,0,0,0,107.1,0,1,0,0,1,0
1,383,41,1,3,2,0,0,0,48.0,0,1,0,0,0,1
1,11,1,0,1,2,0,0,1,88.0,0,1,0,0,1,0
0,62,47,2,4,1,0,0,0,18.5,0,1,0,0,0,1
1,210,35,3,8,1,0,0,2,149.18,0,1,0,0,1,0
1,22,18,1,1,3,0,0,0,172.0,0,1,0,0,1,0
1,261,42,0,1,2,0,1,0,120.0,0,1,0,0,0,1
0,3,51,0,1,2,0,0,2,48.0,0,1,0,0,1,0
0,4,44,0,1,2,0,0,2,140.0,0,1,0,0,1,0
0,0,16,0,1,2,0,0,1,89.0,0,1,0,0,1,0
0,32,23,2,1,2,0,0,1,130.67,0,1,0,0,1,0
1,175,20,0,1,1,0,0,0,90.0,0,1,0,0,1,0
1,51,29,1,4,2,0,0,0,79.5,0,1,1,0,0,0
0,220,38,2,1,1,0,0,0,128.0,0,1,0,0,0,1
0,248,34,2,5,2,0,0,1,90.95,0,1,0,0,1,0
1,168,17,1,2,2,0,0,0,85.0,0,1,0,0,1,0
0,62,23,0,1,1,0,0,0,107.0,0,1,0,0,0,1
0,82,47,0,5,2,0,0,2,42.12,0,1,0,0,1,0
0,96,17,1,4,2,0,0,0,118.8,0,1,0,0,1,0
0,80,20,0,2,2,0,0,2,126.9,0,1,0,0,1,0
0,4,10,2,2,3,0,0,2,133.0,0,1,0,0,1,0
0,0,2,1,1,1,0,0,0,78.0,1,0,0,0,1,0
1,178,38,2,2,2,0,0,1,91.0,0,1,0,0,0,1
0,219,43,2,2,2,0,0,0,40.5,0,0,0,0,0,1
1,103,17,4,6,2,0,0,0,68.0,0,1,0,0,1,0
0,4,10,0,2,2,0,0,1,63.0,0,1,0,0,1,0
0,34,42,1,3,2,0,0,1,107.55,0,1,1,0,0,0
0,118,20,1,2,2,0,0,1,105.3,0,1,0,0,1,0
1,112,23,0,3,2,0,0,0,120.0,0,1,0,0,0,1
0,34,19,0,2,2,0,0,0,140.0,0,1,0,0,0,1
1,219,40,1,2,2,0,0,0,120.0,0,1,0,0,1,0
0,0,33,1,0,3,0,0,0,188.0,1,0,0,0,1,0
0,11,17,2,2,2,0,0,2,141.5,0,1,0,0,1,0
0,218,36,2,5,2,0,0,1,58.95,0,1,0,0,1,0
1,260,38,2,5,2,0,1,0,54.99,0,1,0,0,1,0
0,1,40,0,2,1,0,0,0,85.0,0,1,0,0,0,1
1,212,22,1,2,2,0,0,0,105.0,0,1,0,0,0,1
0,0,49,0,1,1,0,0,0,38.0,0,0,0,0,1,0
0,36,41,1,1,2,0,0,2,148.5,0,1,0,0,1,0
1,440,39,0,2,2,0,0,0,62.0,0,1,0,0,1,0
0,128,4,0,1,2,0,0,1,57.93,0,1,0,0,1,0
1,49,44,0,2,2,0,1,1,103.5,0,1,1,0,0,0
1,29,15,2,1,1,0,0,1,88.67,0,1,0,0,1,0
1,100,16,2,2,2,0,0,0,105.0,0,1,0,0,1,0
0,115,9,2,2,1,0,0,0,76.0,0,1,0,0,0,1
1,299,33,0,2,1,0,1,0,60.0,0,1,0,0,0,1
0,23,36,1,2,2,0,0,1,212.0,0,1,0,0,1,0
0,27,9,1,3,2,0,0,2,45.35,0,1,0,0,1,0
0,66,34,2,3,2,0,0,0,161.6,0,1,0,0,1,0
1,237,32,1,4,2,0,1,0,126.0,0,1,0,0,1,0
0,330,26,0,1,2,0,0,0,108.5,0,1,0,0,0,1
0,14,22,1,0,1,0,0,1,109.25,0,1,0,0,1,0
0,168,17,2,3,2,0,0,1,81.2,0,1,0,0,0,1
0,103,53,0,2,2,0,0,0,62.0,0,1,0,0,1,0
0,185,31,3,5,2,0,0,2,195.5,0,1,0,0,1,0
0,8,6,0,3,1,0,0,0,25.0,0,1,0,0,1,0
0,46,34,1,1,2,0,0,0,62.0,0,1,0,0,0,1
1,38,2,0,1,1,0,0,0,75.0,1,0,0,0,1,0
1,62,14,0,3,1,0,0,0,135.0,0,0,0,0,1,0
1,15,35,0,2,2,0,0,0,129.0,0,1,0,0,1,0
1,170,41,4,8,2,0,0,0,44.5,0,1,0,0,1,0
0,0,50,0,0,1,1,0,0,0.0,0,0,0,0,1,0
0,166,33,1,1,2,0,0,1,148.5,0,1,0,0,1,0
0,158,35,1,3,2,0,0,1,90.95,0,1,0,0,1,0
1,62,14,0,3,1,0,0,0,135.0,0,0,0,0,1,0
0,133,29,0,3,3,0,0,2,137.7,0,1,0,0,0,1
0,363,42,0,5,1,0,0,0,58.0,0,0,0,0,0,1
0,28,9,1,2,2,0,0,1,70.04,0,1,0,0,1,0
0,107,27,2,6,2,0,0,1,140.25,0,1,0,0,1,0
1,272,15,2,2,2,0,0,0,91.35,0,1,0,0,1,0
0,8,45,0,1,2,0,0,0,130.0,0,1,0,0,0,1
0,62,48,2,3,2,0,0,0,75.0,0,1,0,0,1,0
1,304,45,0,3,2,0,0,0,89.0,0,1,0,0,1,0
1,295,18,0,2,2,0,0,0,62.0,0,1,0,0,1,0
0,117,10,1,2,1,0,0,0,76.0,0,1,0,0,0,1
0,1,34,1,1,2,0,0,0,139.0,0,1,0,0,1,0
1,34,50,0,2,1,0,1,0,90.0,0,1,0,0,1,0
0,190,29,1,2,2,0,0,2,125.1,0,1,0,0,1,0
1,174,22,0,3,2,0,0,0,110.0,0,1,0,0,1,0
0,0,40,0,0,2,1,0,2,0.0,0,1,0,0,1,0
1,154,6,0,2,2,0,0,0,156.6,0,1,0,0,1,0
0,192,27,0,3,2,0,0,0,89.1,0,1,0,0,1,0
1,155,18,1,1,2,0,0,0,108.0,0,1,0,0,1,0
1,218,27,0,4,2,0,0,0,107.1,0,1,0,0,1,0
0,39,33,1,1,2,0,0,1,62.0,0,1,0,0,0,1
0,348,26,2,1,2,0,0,2,123.3,0,1,0,0,1,0
0,115,12,0,2,2,0,0,0,90.0,0,1,0,0,0,1
0,5,33,1,1,2,0,0,1,122.0,0,0,0,0,1,0
1,284,20,1,1,2,0,0,1,82.8,0,1,0,0,1,0
0,83,23,1,2,2,0,0,2,123.9,0,1,0,0,1,0
0,152,31,5,11,3,0,0,2,184.34,0,1,0,0,1,0
0,143,35,0,3,1,0,0,0,90.0,0,1,0,0,0,1
0,19,41,0,3,2,1,0,0,90.0,0,1,0,0,0,1
1,17,18,1,3,1,0,0,0,152.5,0,1,0,0,1,0
1,144,29,2,5,2,0,0,0,110.7,0,1,0,0,1,0
0,287,42,2,3,2,0,0,0,44.5,1,0,0,0,0,1
1,290,32,1,3,2,0,1,0,62.0,0,1,0,0,0,1
1,156,17,0,3,2,0,0,0,100.0,0,1,0,0,1,0
1,204,34,2,5,2,0,0,0,191.14,0,1,0,0,1,0
0,2,34,0,1,1,0,0,0,107.1,0,1,0,0,1,0
0,187,52,2,5,1,0,0,0,61.64,0,1,0,0,1,0
0,166,41,1,3,2,0,0,1,122.4,0,1,0,0,1,0
0,7,41,0,1,1,0,0,0,125.0,0,1,0,0,0,1
0,11,47,0,2,2,0,0,1,121.0,0,1,0,0,1,0
0,27,16,3,8,2,0,0,0,50.85,0,1,1,0,0,0
1,48,41,0,2,2,0,0,0,120.0,0,1,0,0,1,0
1,28,31,0,2,2,0,0,0,225.0,0,1,0,0,1,0
0,19,18,0,1,1,0,0,2,120.0,0,1,0,0,1,0
1,30,43,1,3,1,0,0,0,57.25,0,1,0,0,1,0
1,56,5,0,3,2,0,0,0,60.0,0,1,0,0,1,0
0,16,23,1,2,2,0,0,1,170.0,0,1,0,0,1,0
1,178,35,0,3,2,0,0,0,94.62,0,1,0,0,0,1
0,5,3,0,1,2,0,0,0,54.4,0,1,0,0,1,0
1,58,31,1,0,1,0,0,1,98.0,0,1,0,0,1,0
0,223,41,2,0,2,0,0,2,89.25,0,1,0,0,0,1
0,9,42,2,1,2,0,0,2,139.67,0,1,0,0,1,0
1,120,20,0,3,2,0,0,0,184.8,0,1,0,0,1,0
0,0,35,1,0,1,0,0,0,80.0,0,1,1,0,0,0
1,84,33,2,5,2,0,0,2,270.0,0,1,0,0,1,0
1,12,52,1,1,2,0,1,1,66.0,0,1,0,0,1,0
0,132,30,0,1,2,0,0,0,90.0,0,1,0,0,0,1
0,203,33,2,5,2,0,0,1,184.5,0,1,0,0,1,0
1,22,17,0,1,1,0,0,0,95.0,0,1,0,0,1,0
1,46,41,0,1,2,0,0,0,118.8,0,1,0,0,1,0
1,26,52,1,4,1,0,0,0,79.92,0,1,0,0,1,0
1,68,8,0,2,2,0,1,0,75.0,0,1,0,0,1,0
0,5,22,1,0,1,0,0,0,86.0,0,1,0,0,1,0
0,187,42,1,2,2,0,0,0,78.41,0,1,0,0,1,0
0,102,42,0,2,2,0,0,0,109.0,0,1,0,0,0,1
0,132,30,0,1,2,0,0,0,90.0,0,1,0,0,0,1
0,32,44,0,5,2,0,0,1,109.0,0,1,0,0,1,0
0,14,14,2,3,3,0,0,0,161.0,0,1,0,0,1,0
0,213,21,1,1,1,0,0,0,54.5,0,1,0,0,0,1
1,304,34,1,1,2,0,1,0,62.0,0,1,1,0,0,0
0,54,3,2,4,2,0,0,1,88.4,0,1,0,0,1,0
1,109,9,2,1,2,0,1,0,75.0,0,1,0,0,1,0
0,125,24,1,3,2,0,0,1,89.1,0,1,0,0,1,0
0,75,14,0,4,1,0,0,0,85.0,0,1,0,0,0,1
1,77,9,0,2,2,0,0,0,64.0,0,1,0,0,1,0
0,32,37,1,5,2,0,0,0,170.68,0,1,0,0,1,0
0,38,35,2,6,2,0,0,1,142.7,0,1,0,0,1,0
0,122,39,2,5,2,0,0,1,139.5,0,0,0,0,1,0
1,56,5,0,3,2,0,0,0,60.0,0,1,0,0,1,0
0,104,19,0,4,2,0,0,0,89.1,0,1,0,0,1,0
0,7,18,1,3,1,0,0,0,210.0,0,0,0,0,1,0
1,155,28,1,3,2,0,0,2,173.25,0,1,0,0,1,0
0,1,3,0,1,1,0,0,1,39.0,0,1,0,0,1,0
1,443,18,0,1,2,0,0,0,65.0,0,1,0,0,1,0
0,118,27,4,10,2,0,0,0,123.5,0,1,1,0,0,0
0,277,19,1,2,2,0,0,1,89.1,0,1,0,0,1,0
1,148,43,0,1,1,0,0,0,39.0,0,0,0,0,1,0
0,20,33,0,1,2,0,0,1,190.0,0,1,0,0,1,0
0,31,10,2,1,2,0,0,0,71.33,0,1,0,0,1,0
1,143,18,0,3,2,0,0,0,100.0,0,1,0,0,1,0
0,16,12,0,1,2,0,0,1,127.0,0,1,0,0,1,0
0,31,26,0,1,2,0,0,0,89.0,0,1,0,0,1,0
0,10,5,1,3,2,0,0,0,77.0,0,1,0,0,1,0
0,192,26,0,2,1,0,0,0,95.0,0,1,0,0,0,1
0,111,24,2,3,2,0,0,0,117.0,0,1,0,0,1,0
0,24,41,0,1,2,0,0,2,73.0,0,1,0,0,1,0
1,181,15,1,1,2,0,0,0,130.5,0,1,0,0,1,0
0,111,14,0,3,2,0,0,1,99.0,0,1,0,0,1,0
0,1,28,1,0,2,0,0,1,84.01,0,1,0,0,1,0
0,39,21,1,2,2,0,0,1,111.0,0,1,0,0,1,0
1,310,22,2,5,2,0,0,0,88.2,0,1,0,0,0,1
0,1,47,0,1,1,0,0,0,54.0,0,1,0,0,1,0
0,211,30,0,3,2,0,0,2,157.67,0,1,0,0,1,0
0,18,52,0,4,1,0,0,0,45.0,0,1,0,0,1,0
1,201,45,2,1,2,0,0,0,30.0,0,1,0,0,1,0
0,160,30,1,0,2,0,0,2,89.1,0,1,0,0,1,0
0,203,21,2,3,2,0,0,0,67.0,1,0,0,0,0,1
1,322,21,1,3,2,0,0,0,80.0,0,1,0,0,1,0
0,93,49,1,3,2,0,0,2,72.25,0,1,1,0,0,0
0,46,1,2,0,2,0,0,1,65.0,0,0,0,0,0,1
0,0,10,1,4,2,0,0,2,195.0,0,0,0,0,1,0
0,198,34,1,3,2,0,0,1,99.0,0,1,0,0,1,0
0,30,40,2,2,2,0,0,0,109.35,0,1,1,0,0,0
1,318,43,2,5,1,0,1,0,56.7,0,1,0,0,1,0
0,61,22,2,1,2,0,0,1,170.0,0,1,0,0,1,0
0,64,19,0,3,2,0,0,1,165.0,0,1,0,0,1,0
0,383,41,0,3,2,0,0,0,48.0,0,1,0,0,0,1
0,5,20,1,1,1,1,0,0,65.0,1,0,0,0,1,0
0,1,24,1,1,1,0,0,0,149.0,0,1,0,0,1,0
0,145,18,2,4,1,0,0,0,69.56,0,1,0,0,1,0
0,2,39,2,1,2,0,0,0,75.0,0,1,0,0,1,0
0,151,37,2,5,2,0,0,2,126.9,0,1,0,0,1,0
0,0,36,1,0,3,0,0,0,183.0,0,0,0,0,1,0
0,5,43,2,2,2,0,0,0,47.0,0,1,0,0,1,0
1,98,9,0,2,2,0,0,0,90.0,0,1,0,0,1,0
0,157,33,0,1,2,0,0,1,76.5,0,1,0,0,1,0
1,6,27,2,3,2,0,0,0,103.64,0,1,0,0,1,0
0,130,25,2,5,2,0,0,1,161.0,0,1,0,0,1,0
1,517,50,0,2,2,0,0,0,62.8,0,1,0,0,1,0
1,186,22,0,2,2,0,0,0,130.0,0,1,0,0,1,0
1,223,2,2,5,2,0,0,0,107.0,0,1,0,0,1,0
0,100,17,2,5,2,0,0,0,52.85,0,1,1,0,0,0
1,50,35,0,4,2,0,0,0,62.0,0,1,0,0,0,1
0,30,31,1,4,2,0,0,0,107.2,0,1,0,0,1,0
1,175,20,0,1,1,0,0,0,90.0,0,1,0,0,1,0
0,32,23,2,2,2,0,0,0,89.0,0,1,0,0,1,0
0,2,8,0,1,2,0,0,1,66.0,0,1,0,0,1,0
0,18,38,2,5,2,0,0,0,110.43,0,1,0,0,1,0
0,3,40,0,1,1,0,0,0,0.0,1,0,0,0,1,0
0,59,17,2,4,2,1,0,1,122.0,0,1,0,0,1,0
0,1,49,0,1,2,0,0,0,66.0,0,0,0,0,1,0
1,93,14,0,3,2,0,0,0,117.0,0,1,0,0,1,0
0,100,18,1,2,2,0,0,0,81.2,0,1,0,0,1,0
0,136,35,0,2,1,0,0,0,90.9,0,1,0,0,1,0
0,94,7,1,3,3,0,0,0,88.0,0,1,0,0,0,1
0,20,23,0,3,2,0,0,0,89.0,0,1,0,0,1,0
0,72,26,2,2,2,0,0,2,120.0,0,1,0,0,1,0
1,123,15,1,1,3,0,0,2,171.0,0,1,0,0,1,0
0,31,7,0,1,2,0,0,2,61.2,0,1,0,0,1,0
0,161,43,2,5,2,0,0,0,60.46,0,1,0,0,0,1
0,123,20,2,3,2,0,0,0,144.0,0,1,0,0,1,0
1,99,8,0,1,2,0,1,0,80.0,1,0,0,0,0,1
0,48,40,2,5,2,0,0,0,52.73,0,1,0,0,1,0
0,222,13,2,5,2,0,0,1,52.97,0,1,0,0,1,0
0,288,44,2,2,1,1,1,4,39.7,0,0,0,0,1,0
1,11,35,0,1,2,0,0,2,90.0,0,1,1,0,0,0
0,166,25,0,3,2,0,0,0,130.5,0,1,0,0,1,0
0,11,32,1,3,2,0,0,1,204.75,0,1,0,0,1,0
0,9,41,0,2,2,0,0,1,149.0,0,1,0,0,1,0
0,96,27,1,2,2,0,0,1,116.0,0,1,0,0,0,1
0,38,42,0,3,2,0,0,1,116.65,0,1,0,0,1,0
1,99,30,2,4,2,0,0,1,185.0,0,1,0,0,1,0
0,16,52,2,1,2,0,0,0,99.33,0,0,0,0,1,0
1,45,32,0,2,1,0,0,2,140.0,0,1,0,0,1,0
1,76,39,2,0,2,0,0,0,102.68,0,1,0,0,1,0
0,1,7,2,0,2,0,0,1,48.0,0,0,0,0,1,0
1,153,30,0,3,2,0,0,0,166.5,0,1,0,0,1,0
1,155,22,0,3,2,0,0,2,123.33,0,1,0,0,1,0
1,55,10,0,3,2,0,0,0,69.5,0,1,0,0,1,0
0,76,50,0,2,2,0,0,1,75.0,0,1,0,0,1,0
0,222,36,4,5,2,0,0,1,95.94,0,1,0,0,1,0
0,0,37,0,2,2,0,0,1,102.4,0,1,0,0,0,1
0,0,13,0,0,2,1,0,0,0.0,0,1,0,0,1,0
1,461,42,0,2,2,0,0,0,62.0,0,1,0,0,1,0
0,53,45,2,5,2,0,0,0,73.92,0,1,0,0,1,0
0,163,9,0,5,3,0,0,0,87.0,0,1,0,0,0,1
0,83,29,3,5,2,0,0,1,213.7,0,1,0,0,1,0
0,12,24,0,2,2,0,0,1,169.0,0,1,0,0,1,0
1,130,24,0,2,3,0,0,0,159.3,0,1,0,0,1,0
1,11,25,0,3,2,0,0,0,90.0,1,0,0,0,1,0
0,316,22,0,3,2,0,0,0,110.0,0,1,0,0,0,1
1,53,15,0,1,3,0,0,0,196.2,0,1,0,0,1,0
0,256,27,2,5,2,0,0,2,156.51,0,1,0,0,0,1
0,73,3,2,1,2,0,0,0,59.8,0,1,0,0,1,0
0,15,7,1,3,2,0,0,1,223.0,0,1,0,0,1,0
0,56,11,0,1,2,0,0,1,79.2,0,1,0,0,1,0
0,6,32,0,2,2,0,0,1,211.0,0,1,0,0,1,0
0,43,16,0,3,2,0,0,1,56.21,0,1,0,0,1,0
0,42,13,2,5,2,0,0,2,59.29,0,1,0,0,1,0
0,158,17,0,1,2,0,0,1,130.5,0,1,0,0,1,0
1,65,53,1,4,2,0,0,1,96.2,0,1,0,0,1,0
1,295,32,2,2,2,0,1,0,62.0,0,1,0,0,0,1
0,130,1,0,2,2,0,0,2,165.6,0,1,0,0,1,0
1,16,32,1,4,2,0,0,1,242.6,0,1,0,0,1,0
1,165,20,2,2,2,0,0,0,225.0,0,0,0,0,1,0
0,110,19,2,3,2,0,0,1,109.25,0,1,0,0,1,0
0,48,12,2,5,2,0,0,0,66.0,0,1,0,0,1,0
0,49,50,1,3,2,0,0,2,83.8,0,1,0,0,1,0
1,65,34,1,1,2,0,0,0,152.1,0,1,0,0,1,0
0,27,9,1,2,2,0,0,1,88.0,0,1,0,0,1,0
1,71,25,0,3,1,0,0,0,120.0,0,1,0,0,1,0
1,2,2,2,0,2,0,0,0,135.5,0,1,0,0,1,0
0,25,13,1,2,2,0,0,1,52.2,0,1,0,0,1,0
1,25,8,2,2,2,0,0,0,34.0,0,1,0,0,1,0
0,41,53,1,5,2,0,0,1,70.0,0,1,0,0,0,1
0,143,23,1,3,2,0,0,1,72.0,0,1,0,0,1,0
1,475,44,0,2,2,0,0,0,62.0,0,1,0,0,1,0
0,2,35,0,2,1,0,0,0,67.0,0,1,0,0,1,0
0,19,7,2,2,2,0,0,0,90.71,0,1,0,0,1,0
0,232,31,1,0,2,0,0,2,130.5,0,1,0,0,1,0
0,308,33,2,5,2,0,0,0,169.36,0,1,1,0,0,0
0,22,1,1,3,2,0,0,3,74.8,0,1,0,0,1,0
1,199,32,2,1,2,0,0,0,262.0,0,1,0,0,1,0
1,40,33,2,2,2,0,0,0,62.0,0,1,0,0,0,1
1,420,20,2,1,2,0,0,0,90.0,0,1,0,0,1,0
0,91,40,1,2,2,0,0,0,40.0,0,1,0,0,0,1
0,19,41,0,3,2,1,0,0,90.0,0,1,0,0,0,1
1,443,41,0,2,2,0,0,0,65.0,0,1,0,0,1,0
0,240,28,2,3,2,0,0,1,108.0,0,1,0,0,1,0
0,9,44,2,1,2,0,0,1,87.0,0,1,1,0,0,0
0,96,26,0,2,2,0,0,0,142.5,0,1,0,0,1,0
0,38,42,0,2,1,0,0,2,157.5,0,1,0,0,1,0
0,75,16,2,1,2,0,0,0,78.85,0,1,1,0,0,0
1,122,29,1,0,2,0,0,2,76.5,0,1,0,0,0,1
1,179,36,2,3,2,0,0,0,119.85,0,1,0,0,1,0
0,423,29,1,1,1,0,0,0,95.5,0,1,0,0,0,1
0,0,45,0,1,2,0,0,0,75.0,0,1,0,0,1,0
0,0,42,0,2,2,0,0,1,139.5,0,1,0,0,1,0
0,0,52,0,1,2,0,0,1,50.0,0,0,0,0,1,0
0,44,47,0,1,2,0,0,2,67.5,0,1,0,0,1,0
0,98,45,2,2,2,0,0,1,90.45,0,1,0,0,1,0
1,28,21,0,2,1,0,0,0,95.0,1,0,0,0,0,1
1,16,47,0,3,1,0,0,0,75.0,0,1,0,0,0,1
0,86,21,1,2,2,0,0,1,65.0,0,1,0,0,0,1
1,97,41,1,3,1,0,0,0,140.0,0,1,0,0,1,0
0,189,35,0,3,2,0,0,1,80.1,0,1,0,0,1,0
0,77,8,2,5,2,0,0,0,36.0,0,1,0,0,1,0
1,125,30,4,10,2,0,0,0,172.71,0,1,0,0,1,0
0,152,32,0,5,2,0,0,2,174.0,0,1,0,0,1,0
0,38,19,1,2,2,0,0,1,65.0,0,1,0,0,0,1
0,94,16,2,5,2,0,0,1,69.1,0,1,0,0,1,0
1,280,39,1,2,2,0,0,0,110.0,0,1,0,0,1,0
0,43,5,0,3,2,0,0,0,56.0,0,1,0,0,1,0
0,47,17,2,3,1,0,0,0,52.56,0,1,0,0,1,0
0,194,38,1,3,2,0,0,1,101.4,0,0,0,0,0,1
0,30,38,1,3,2,0,0,2,94.5,0,1,0,0,1,0
0,300,25,4,8,2,0,0,1,109.28,0,1,0,0,1,0
0,181,34,1,0,2,0,0,2,76.5,0,1,0,0,0,1
1,277,46,1,2,2,0,0,0,100.0,0,0,0,0,1,0
0,96,34,1,3,1,0,0,0,115.0,0,1,0,0,0,1
1,102,17,1,3,2,0,0,0,100.0,0,0,0,0,0,1
0,3,7,2,2,2,0,0,1,72.07,0,1,0,0,1,0
1,182,42,0,1,2,0,0,0,98.1,0,1,0,0,1,0
1,261,31,2,2,2,0,0,1,89.1,0,1,0,0,1,0
0,14,3,0,4,2,0,0,2,120.28,0,1,0,0,1,0
1,181,23,0,2,2,0,0,0,100.0,0,1,0,0,1,0
0,187,16,3,7,2,0,0,2,108.0,0,1,0,0,1,0
0,69,30,2,4,2,0,0,1,95.37,0,1,0,0,1,0
1,117,34,0,1,2,0,0,0,76.5,0,1,0,0,1,0
0,0,13,0,1,2,0,0,1,58.0,0,0,0,0,1,0
0,28,41,1,1,2,0,0,0,171.87,0,1,0,0,1,0
0,90,10,0,2,2,0,0,2,79.2,0,1,0,0,1,0
1,168,21,1,2,2,0,0,0,140.0,1,0,0,0,1,0
0,73,29,0,1,2,0,0,1,105.0,0,1,0,0,1,0
0,25,33,1,2,2,0,0,1,169.0,0,1,0,0,1,0
1,244,25,1,3,2,0,0,2,127.8,0,1,0,0,1,0
0,0,35,0,2,1,0,0,0,104.55,0,1,0,0,1,0
0,108,33,0,5,2,0,0,3,108.92,0,1,0,0,1,0
0,11,2,2,1,2,0,0,1,39.0,0,1,0,0,1,0
0,34,42,2,0,2,0,0,2,103.05,0,1,1,0,0,0
0,11,6,2,1,2,0,0,1,81.0,0,1,0,0,1,0
0,117,31,2,1,2,0,0,0,94.5,0,1,0,0,0,1
0,46,15,2,1,2,0,0,0,107.1,0,1,0,0,1,0
0,92,46,0,1,2,0,0,0,90.0,0,1,0,0,0,1
1,31,41,2,1,1,0,0,1,114.3,0,1,0,0,1,0
0,23,38,2,0,2,0,0,2,100.1,0,1,0,0,1,0
0,0,31,0,1,2,0,0,1,0.0,0,0,0,0,1,0
0,23,43,0,0,1,0,0,0,0.0,1,0,0,0,0,1
0,1,7,1,0,2,0,0,1,58.0,0,0,0,0,1,0
0,377,42,0,2,2,0,0,1,115.0,0,1,0,0,0,1
0,103,15,0,4,2,0,0,1,84.58,0,1,0,0,1,0
1,168,11,0,5,1,0,0,1,37.8,0,1,0,0,1,0
1,391,32,0,2,2,0,0,0,62.0,0,1,0,0,1,0
0,168,26,4,10,2,0,0,1,106.71,0,1,0,0,1,0
0,181,31,2,5,3,0,0,2,230.84,0,1,0,0,1,0
0,5,3,0,2,1,1,11,1,73.9,0,1,0,0,1,0
0,0,31,1,0,2,0,0,0,69.7,0,1,0,0,1,0
0,119,19,0,3,2,0,0,0,120.0,0,1,0,0,0,1
0,1,39,0,1,2,0,0,2,215.0,0,1,1,0,0,0
1,334,38,0,2,2,0,1,0,62.0,0,1,0,0,0,1
1,22,47,0,1,1,0,0,0,62.0,1,0,0,0,0,1
1,56,24,0,1,2,0,0,0,120.0,0,1,0,0,0,1
1,183,49,2,1,2,0,0,0,72.0,0,1,0,0,1,0
0,10,53,0,1,2,0,0,0,180.0,0,1,0,0,1,0
1,95,16,2,5,2,0,0,0,68.4,0,1,0,0,1,0
1,0,35,2,6,2,0,0,0,62.8,0,0,0,0,1,0
0,302,20,2,5,2,0,0,0,48.0,0,1,0,0,1,0
0,16,13,1,0,2,0,0,2,48.0,0,1,0,0,0,1
0,48,45,0,3,2,0,0,2,88.2,0,1,0,0,1,0
0,0,6,0,1,2,0,0,0,68.0,0,1,0,0,0,1
1,301,33,0,2,2,0,1,0,101.5,0,1,0,0,0,1
0,28,43,0,2,2,0,0,1,43.89,0,1,0,0,1,0
0,80,5,1,1,2,0,0,1,63.65,0,1,0,0,0,1
1,39,33,0,2,2,0,0,0,101.5,0,1,0,0,0,1
0,176,31,2,4,2,0,0,1,108.45,0,1,0,0,1,0
1,161,31,1,1,2,0,0,0,121.5,0,1,0,0,1,0
0,3,33,2,1,2,0,0,2,65.0,0,1,0,0,1,0
1,140,18,0,2,2,0,0,2,114.0,0,1,0,0,1,0
0,220,40,4,10,2,0,0,2,72.75,0,1,1,0,0,0
1,15,34,2,2,2,0,0,1,129.0,0,1,0,0,1,0
0,0,41,0,1,2,0,0,0,163.0,0,0,0,0,1,0
1,29,8,0,4,2,0,0,1,98.6,0,1,0,0,1,0
1,85,41,1,3,1,0,0,0,75.0,0,1,0,0,0,1
0,124,45,2,2,2,0,0,0,140.15,0,1,0,0,1,0
1,53,53,1,2,2,0,1,1,93.33,0,1,1,0,0,0
0,59,48,0,3,2,0,0,2,104.0,0,1,0,0,1,0
0,107,9,0,3,2,0,0,2,93.6,0,1,0,0,1,0
0,248,39,1,2,3,0,0,1,145.0,0,1,0,0,1,0
0,116,23,0,3,2,0,0,0,75.0,0,1,0,0,1,0
0,65,15,0,3,2,0,0,2,132.0,0,1,0,0,1,0
1,202,26,2,1,2,0,0,0,89.1,0,1,0,0,1,0
0,462,26,2,1,1,0,0,0,0.0,0,1,0,0,0,1
0,4,26,0,1,2,0,0,1,160.0,0,1,0,0,1,0
0,193,35,2,2,2,0,0,0,95.2,0,1,0,0,1,0
0,89,45,2,3,1,0,0,0,61.8,0,1,0,0,1,0
1,99,42,0,4,2,0,0,0,187.2,0,1,0,0,1,0
0,157,27,1,1,2,0,0,0,86.63,0,1,0,0,1,0
0,101,22,0,4,2,0,0,0,132.6,0,1,0,0,0,1
1,315,28,1,1,2,0,0,0,99.9,0,1,0,0,1,0
1,47,38,2,2,2,0,0,2,158.78,0,1,0,0,1,0
0,73,41,0,1,1,0,0,1,113.4,0,1,0,0,1,0
0,26,21,0,1,1,0,0,0,45.0,0,1,0,0,1,0
0,3,51,1,0,1,0,0,1,26.0,0,1,0,0,1,0
0,94,41,2,5,2,0,0,0,77.43,0,1,0,0,1,0
0,209,31,1,4,1,0,0,0,55.96,0,1,0,0,1,0
1,468,20,0,2,2,0,1,0,67.0,0,1,0,0,0,1
1,172,26,0,2,1,0,0,0,95.0,0,1,0,0,0,1
1,42,17,2,5,2,0,0,0,71.0,0,1,0,0,1,0
0,77,53,0,3,2,0,0,1,109.93,0,1,1,0,0,0
0,80,49,0,2,2,0,0,1,51.8,0,1,0,0,0,1
0,63,15,1,4,2,0,0,0,128.35,0,1,0,0,1,0
0,42,20,0,2,2,0,0,0,116.1,0,1,0,0,1,0
1,140,47,0,3,2,0,0,0,75.0,0,1,0,0,0,1
0,7,2,0,2,1,0,0,1,0.0,0,0,0,0,1,0
1,1,10,2,1,1,0,0,0,60.0,0,1,0,0,0,1
1,101,27,1,5,1,0,0,0,140.0,0,0,0,0,1,0
0,70,21,2,5,2,0,0,0,63.4,0,1,1,0,0,0
0,18,40,2,2,2,0,0,1,99.75,0,1,0,0,1,0
0,7,25,1,2,2,0,0,1,102.33,0,1,0,0,1,0
0,105,22,1,2,2,0,0,2,126.0,0,0,0,0,1,0
0,377,42,0,2,2,0,0,1,115.0,0,1,0,0,0,1
1,179,27,0,2,2,0,0,0,65.0,0,1,0,0,1,0
0,222,41,2,3,2,0,0,1,102.85,0,1,0,0,1,0
1,278,30,0,2,2,0,1,0,62.0,0,1,0,0,0,1
0,3,2,0,2,1,0,0,1,43.0,0,1,0,0,1,0
0,7,42,1,3,1,0,0,0,76.0,1,0,0,0,0,1
1,302,33,2,2,2,0,1,0,62.0,0,1,0,0,0,1
0,31,47,2,2,2,1,0,0,77.0,1,0,0,0,1,0
1,79,20,0,2,2,0,0,0,112.5,0,1,0,0,1,0
0,0,12,2,1,1,0,0,1,95.4,0,1,0,0,1,0
1,38,23,0,2,2,0,0,1,160.0,0,1,0,0,1,0
0,102,11,2,5,2,0,0,0,40.5,0,1,0,0,1,0
0,13,29,1,3,2,0,0,0,160.0,0,1,0,0,1,0
0,3,45,0,2,2,0,0,2,74.0,0,1,0,0,1,0
0,40,12,2,1,2,0,0,2,35.15,0,1,0,0,1,0
1,36,40,0,3,2,0,0,0,75.0,0,1,0,0,0,1
1,109,30,2,5,2,0,0,2,163.29,0,1,0,0,1,0
0,184,24,1,2,2,0,0,1,89.1,0,1,0,0,1,0
1,103,13,1,1,2,0,0,0,65.0,0,1,0,0,1,0
0,19,41,0,3,1,1,0,0,80.0,0,1,0,0,0,1
0,254,34,2,1,2,0,0,0,174.0,0,1,0,0,1,0
1,16,43,0,1,2,0,1,1,215.0,0,1,0,0,1,0
1,212,34,4,10,2,0,0,2,160.0,0,1,0,0,1,0
0,0,15,1,0,2,0,0,2,135.0,0,0,0,0,1,0
0,222,49,1,2,3,0,0,2,110.7,0,1,0,0,1,0
0,3,34,0,2,2,0,0,1,206.0,0,1,0,0,1,0
1,55,25,0,2,2,0,0,1,140.0,0,1,0,0,1,0
0,177,24,2,5,2,0,0,2,142.0,0,1,0,0,1,0
1,36,32,0,2,2,0,0,0,62.0,0,1,0,0,0,1
0,184,42,2,6,2,0,0,1,65.29,0,1,0,0,0,1
0,122,34,1,2,1,0,0,1,120.0,0,1,0,0,1,0
1,524,51,0,2,2,0,0,0,62.8,0,1,0,0,1,0
0,81,21,2,0,2,0,0,1,90.0,0,1,0,0,0,1
1,15,8,0,4,2,0,0,0,71.4,0,1,0,0,1,0
1,157,18,1,3,2,0,0,0,130.0,0,1,0,0,1,0
0,9,21,1,0,2,0,0,0,70.0,0,0,0,0,0,1
1,92,11,0,3,2,0,0,0,85.0,0,0,0,0,1,0
0,174,16,2,3,2,0,0,1,117.0,0,1,0,0,1,0
0,29,8,1,4,3,0,0,3,124.44,0,1,0,0,1,0
0,17,40,0,2,2,0,0,1,89.71,0,1,0,0,1,0
0,241,22,2,2,2,0,0,2,95.6,0,1,0,0,1,0
0,192,39,2,3,2,0,0,0,102.0,0,1,0,0,0,1
0,231,41,3,6,2,0,0,0,1.56,0,1,0,0,0,1
0,3,10,1,0,1,0,0,0,78.4,0,1,0,0,1,0
0,0,16,0,1,2,1,0,1,55.0,0,0,0,0,1,0
0,14,19,0,4,2,0,0,1,148.0,0,1,0,0,1,0
1,15,35,1,1,2,0,0,0,153.0,0,1,1,0,0,0
0,32,23,1,3,2,0,0,2,142.0,0,1,0,0,1,0
0,249,21,0,3,2,0,0,3,123.05,0,1,0,0,1,0
0,43,40,2,3,2,0,0,0,58.4,0,1,0,0,1,0
0,112,53,0,3,2,0,0,0,224.67,0,0,0,0,0,1
0,117,20,2,2,2,0,0,1,99.45,0,1,0,0,1,0
1,92,40,0,1,2,0,0,0,170.0,0,1,0,0,1,0
0,14,41,0,2,2,0,0,1,66.0,0,0,0,0,1,0
1,126,32,2,3,2,0,0,0,259.0,0,1,0,0,1,0
1,8,16,0,3,2,0,0,1,124.0,0,1,0,0,1,0
0,1,33,1,0,3,0,0,0,276.0,0,1,0,0,1,0
1,281,16,0,2,2,0,0,0,62.0,0,1,0,0,1,0
1,82,7,2,0,2,1,1,0,86.0,0,1,0,0,0,1
0,60,48,2,3,2,0,0,0,53.84,0,1,0,0,1,0
0,1,26,0,3,1,0,0,0,95.0,1,0,0,0,1,0
0,315,34,2,5,2,0,0,1,282.03,0,1,0,0,1,0
0,6,10,2,5,2,0,0,0,70.0,0,1,0,0,1,0
1,157,18,1,3,2,0,0,0,130.0,0,1,0,0,1,0
0,16,4,1,2,2,0,0,1,68.0,0,1,0,0,1,0
1,265,31,3,6,2,0,0,0,89.1,0,1,0,0,1,0
0,63,20,0,2,2,0,0,2,144.0,0,1,0,0,1,0
1,145,36,1,2,2,0,0,0,90.0,0,1,0,0,0,1
0,0,7,0,1,1,0,0,0,27.0,1,0,0,0,1,0
0,26,5,1,1,2,0,0,0,90.0,0,1,0,0,1,0
1,356,41,0,2,2,0,1,0,62.0,0,1,1,0,0,0
0,203,33,0,3,2,0,0,1,105.3,0,1,0,0,1,0
0,67,31,2,6,2,0,0,1,193.13,0,1,0,0,1,0
0,44,1,2,1,2,0,0,0,98.0,0,1,0,0,0,1
0,53,26,1,2,2,0,0,1,32.5,0,1,0,0,0,1
0,98,47,1,2,2,0,0,1,124.2,0,1,0,0,1,0
0,19,28,0,4,2,0,0,2,175.0,0,1,0,0,1,0
0,108,33,1,3,1,0,0,3,155.0,0,1,0,0,0,1
0,5,7,0,1,1,0,0,2,71.0,0,1,0,0,0,1
0,176,31,0,3,2,0,0,0,80.1,0,1,0,0,1,0
1,179,27,0,2,2,0,0,0,65.0,0,1,0,0,1,0
1,281,30,2,2,2,0,1,0,62.0,0,1,0,0,0,1
0,133,44,2,2,2,0,0,1,108.38,0,1,0,0,1,0
0,92,40,1,3,2,0,0,0,102.68,0,1,0,0,1,0
1,379,44,1,1,2,0,1,0,62.0,0,1,0,0,1,0
0,84,48,1,2,2,0,0,0,64.0,0,1,0,0,0,1
1,57,34,0,2,2,0,0,1,149.0,0,1,0,0,1,0
0,89,30,0,2,2,0,0,1,96.0,0,1,0,0,1,0
0,92,29,1,2,2,0,0,3,103.5,0,1,0,0,1,0
1,240,43,1,2,2,0,0,0,110.0,0,1,0,0,1,0
0,83,45,1,3,2,0,0,1,92.0,0,1,0,0,1,0
0,54,16,1,5,2,0,0,0,54.56,0,1,0,0,1,0
1,138,34,0,3,3,0,0,0,195.0,0,1,0,0,1,0
0,3,18,2,3,1,0,0,1,116.0,0,1,0,0,0,1
0,71,35,2,2,2,0,0,1,131.4,0,1,0,0,1,0
0,9,37,1,3,2,0,0,1,172.1,0,1,0,0,1,0
0,38,9,1,1,2,0,0,1,73.2,0,1,0,0,1,0
0,72,37,0,2,2,0,0,0,126.0,0,1,0,0,0,1
1,334,38,0,2,2,0,1,0,62.0,0,1,0,0,0,1
0,33,35,2,5,2,0,0,0,218.0,0,1,0,0,1,0
1,70,23,0,2,2,0,0,0,100.0,0,1,0,0,0,1
1,31,16,0,1,2,0,0,0,94.5,0,1,0,0,1,0
0,84,37,0,1,1,1,1,0,65.0,1,0,0,0,1,0
1,315,49,0,2,2,0,0,0,52.0,0,1,0,0,1,0
0,105,1,1,2,2,0,0,0,29.0,0,1,0,0,1,0
0,18,30,1,4,2,0,0,0,191.0,0,1,0,0,0,1
